Observation_Date,Maturity_Tenor,Actual_Market_Yield,Base_CIR_Estimate,Jump_Diffusion_Estimate
2024-04-29,0.5,0.04811,0.04601,0.048108
2024-04-29,0.75,0.04705,0.044615,0.047602
2024-04-29,1.0,0.046014,0.043324,0.047105
2024-04-29,2.0,0.042459,0.039043,0.045207
2024-04-30,0.5,0.048084,0.046021,0.048119
2024-04-30,0.75,0.047068,0.044625,0.047613
2024-04-30,1.0,0.046093,0.043334,0.047116
2024-04-30,2.0,0.042923,0.03905,0.045217
2024-05-01,0.5,0.048083,0.045971,0.048066
2024-05-01,0.75,0.047029,0.044579,0.047561
2024-05-01,1.0,0.046004,0.04329,0.047065
2024-05-01,2.0,0.042449,0.039015,0.045171
2024-05-02,0.5,0.047969,0.045812,0.047894
2024-05-02,0.75,0.046831,0.044429,0.047393
2024-05-02,1.0,0.04571,0.043148,0.046901
2024-05-02,2.0,0.041908,0.038902,0.045021
2024-05-03,0.5,0.047609,0.045558,0.047619
2024-05-03,0.75,0.046424,0.044189,0.047124
2024-05-03,1.0,0.045236,0.042922,0.046638
2024-05-03,2.0,0.041072,0.038721,0.044781
2024-05-06,0.5,0.047653,0.045756,0.047834
2024-05-06,0.75,0.04638,0.044376,0.047334
2024-05-06,1.0,0.045114,0.043099,0.046843
2024-05-06,2.0,0.040931,0.038862,0.044968
2024-05-07,0.5,0.047501,0.045669,0.047739
2024-05-07,0.75,0.046223,0.044294,0.047242
2024-05-07,1.0,0.044976,0.043021,0.046753
2024-05-07,2.0,0.040972,0.0388,0.044885
2024-05-08,0.5,0.047483,0.045618,0.047685
2024-05-08,0.75,0.046207,0.044246,0.047188
2024-05-08,1.0,0.045005,0.042976,0.0467
2024-05-08,2.0,0.041337,0.038764,0.044838
2024-05-09,0.5,0.047433,0.045646,0.047714
2024-05-09,0.75,0.046162,0.044272,0.047217
2024-05-09,1.0,0.044979,0.043,0.046729
2024-05-09,2.0,0.041394,0.038783,0.044864
2024-05-10,0.5,0.0478,0.045665,0.047735
2024-05-10,0.75,0.046694,0.04429,0.047237
2024-05-10,1.0,0.045675,0.043017,0.046748
2024-05-10,2.0,0.042258,0.038797,0.044882
2024-05-13,0.5,0.047649,0.045583,0.047646
2024-05-13,0.75,0.046577,0.044213,0.047151
2024-05-13,1.0,0.045611,0.042944,0.046664
2024-05-13,2.0,0.042251,0.038738,0.044804
2024-05-14,0.5,0.047682,0.045552,0.047614
2024-05-14,0.75,0.046589,0.044184,0.047119
2024-05-14,1.0,0.045577,0.042918,0.046633
2024-05-14,2.0,0.042016,0.038717,0.044776
2024-05-15,0.5,0.047456,0.045456,0.04751
2024-05-15,0.75,0.04626,0.044093,0.047017
2024-05-15,1.0,0.045103,0.042832,0.046533
2024-05-15,2.0,0.041074,0.038648,0.044685
2024-05-16,0.5,0.047447,0.045405,0.047455
2024-05-16,0.75,0.046269,0.044045,0.046963
2024-05-16,1.0,0.045144,0.042787,0.046481
2024-05-16,2.0,0.041168,0.038612,0.044637
2024-05-17,0.5,0.047507,0.045445,0.047498
2024-05-17,0.75,0.046326,0.044083,0.047006
2024-05-17,1.0,0.045253,0.042822,0.046522
2024-05-17,2.0,0.041552,0.038641,0.044675
2024-05-21,0.5,0.047255,0.045235,0.047271
2024-05-21,0.75,0.046035,0.043885,0.046784
2024-05-21,1.0,0.044892,0.042635,0.046305
2024-05-21,2.0,0.040892,0.038491,0.044477
2024-05-22,0.5,0.047214,0.045101,0.047126
2024-05-22,0.75,0.045992,0.043759,0.046642
2024-05-22,1.0,0.044907,0.042516,0.046167
2024-05-22,2.0,0.041135,0.038396,0.04435
2024-05-23,0.5,0.047198,0.044988,0.047004
2024-05-23,0.75,0.046016,0.043653,0.046523
2024-05-23,1.0,0.044984,0.042416,0.04605
2024-05-23,2.0,0.041312,0.038315,0.044244
2024-05-24,0.5,0.047371,0.04491,0.04692
2024-05-24,0.75,0.046167,0.043579,0.046441
2024-05-24,1.0,0.04498,0.042347,0.04597
2024-05-24,2.0,0.04155,0.03826,0.044171
2024-05-27,0.5,0.047362,0.045041,0.047062
2024-05-27,0.75,0.046208,0.043703,0.046579
2024-05-27,1.0,0.045094,0.042463,0.046105
2024-05-27,2.0,0.041753,0.038353,0.044294
2024-05-28,0.5,0.047419,0.045023,0.047043
2024-05-28,0.75,0.046237,0.043686,0.046561
2024-05-28,1.0,0.04512,0.042448,0.046087
2024-05-28,2.0,0.042024,0.03834,0.044277
2024-05-29,0.5,0.04741,0.044999,0.047016
2024-05-29,0.75,0.04629,0.043663,0.046534
2024-05-29,1.0,0.045244,0.042426,0.046061
2024-05-29,2.0,0.042313,0.038323,0.044254
2024-05-30,0.5,0.047323,0.044837,0.046841
2024-05-30,0.75,0.046165,0.04351,0.046364
2024-05-30,1.0,0.045072,0.042282,0.045895
2024-05-30,2.0,0.041803,0.038208,0.044102
2024-05-31,0.5,0.0469,0.044527,0.046506
2024-05-31,0.75,0.045734,0.043218,0.046037
2024-05-31,1.0,0.044603,0.042006,0.045575
2024-05-31,2.0,0.040838,0.037987,0.04381
2024-06-03,0.5,0.046832,0.044551,0.046532
2024-06-03,0.75,0.04566,0.043241,0.046062
2024-06-03,1.0,0.044502,0.042028,0.045599
2024-06-03,2.0,0.040234,0.038004,0.043832
2024-06-04,0.5,0.046724,0.044488,0.046464
2024-06-04,0.75,0.045557,0.043181,0.045995
2024-06-04,1.0,0.044356,0.041972,0.045534
2024-06-04,2.0,0.039577,0.037959,0.043773
2024-06-05,0.5,0.045674,0.043876,0.045803
2024-06-05,0.75,0.044416,0.042605,0.045349
2024-06-05,1.0,0.043146,0.041428,0.044903
2024-06-05,2.0,0.038394,0.037524,0.043196
2024-06-06,0.5,0.045207,0.043478,0.045373
2024-06-06,0.75,0.0441,0.04223,0.044929
2024-06-06,1.0,0.042977,0.041074,0.044492
2024-06-06,2.0,0.038447,0.03724,0.042821
2024-06-07,0.5,0.04542,0.043528,0.045428
2024-06-07,0.75,0.044363,0.042277,0.044982
2024-06-07,1.0,0.043303,0.041119,0.044544
2024-06-07,2.0,0.038936,0.037276,0.042868
2024-06-10,0.5,0.045337,0.043526,0.045426
2024-06-10,0.75,0.04428,0.042276,0.04498
2024-06-10,1.0,0.043223,0.041117,0.044542
2024-06-10,2.0,0.038987,0.037275,0.042867
2024-06-11,0.5,0.045314,0.043697,0.04561
2024-06-11,0.75,0.044127,0.042436,0.04516
2024-06-11,1.0,0.042979,0.041269,0.044718
2024-06-11,2.0,0.03877,0.037396,0.043027
2024-06-12,0.5,0.045099,0.043609,0.045514
2024-06-12,0.75,0.043784,0.042353,0.045067
2024-06-12,1.0,0.04251,0.04119,0.044627
2024-06-12,2.0,0.038027,0.037333,0.042944
2024-06-13,0.5,0.045076,0.043607,0.045513
2024-06-13,0.75,0.043724,0.042352,0.045066
2024-06-13,1.0,0.042362,0.041189,0.044626
2024-06-13,2.0,0.037541,0.037332,0.042943
2024-06-14,0.5,0.04483,0.043603,0.045509
2024-06-14,0.75,0.043439,0.042348,0.045061
2024-06-14,1.0,0.042058,0.041185,0.044621
2024-06-14,2.0,0.037215,0.037329,0.042939
2024-06-17,0.5,0.04499,0.04352,0.045419
2024-06-17,0.75,0.043562,0.04227,0.044974
2024-06-17,1.0,0.042217,0.041112,0.044536
2024-06-17,2.0,0.037598,0.03727,0.042861
2024-06-18,0.5,0.044938,0.043357,0.045243
2024-06-18,0.75,0.043491,0.042116,0.044801
2024-06-18,1.0,0.042044,0.040967,0.044367
2024-06-18,2.0,0.03706,0.037154,0.042707
2024-06-19,0.5,0.044925,0.043343,0.045228
2024-06-19,0.75,0.043475,0.042103,0.044787
2024-06-19,1.0,0.042088,0.040954,0.044353
2024-06-19,2.0,0.037364,0.037144,0.042694
2024-06-20,0.5,0.045186,0.04345,0.045343
2024-06-20,0.75,0.043789,0.042204,0.0449
2024-06-20,1.0,0.042396,0.041049,0.044463
2024-06-20,2.0,0.037766,0.03722,0.042795
2024-06-21,0.5,0.045154,0.043225,0.045101
2024-06-21,0.75,0.043744,0.041992,0.044663
2024-06-21,1.0,0.042344,0.04085,0.044232
2024-06-21,2.0,0.037781,0.03706,0.042583
2024-06-24,0.5,0.045118,0.043354,0.045239
2024-06-24,0.75,0.043763,0.042113,0.044798
2024-06-24,1.0,0.042426,0.040964,0.044364
2024-06-24,2.0,0.037933,0.037152,0.042704
2024-06-25,0.5,0.045477,0.043437,0.045329
2024-06-25,0.75,0.04407,0.042191,0.044886
2024-06-25,1.0,0.042705,0.041038,0.04445
2024-06-25,2.0,0.03847,0.037211,0.042782
2024-06-26,0.5,0.045647,0.043423,0.045314
2024-06-26,0.75,0.044329,0.042178,0.044871
2024-06-26,1.0,0.04307,0.041025,0.044436
2024-06-26,2.0,0.039087,0.037201,0.042769
2024-06-27,0.5,0.045624,0.043414,0.045304
2024-06-27,0.75,0.044301,0.042169,0.044861
2024-06-27,1.0,0.043029,0.041017,0.044426
2024-06-27,2.0,0.038881,0.037194,0.04276
2024-06-28,0.5,0.045607,0.043476,0.045371
2024-06-28,0.75,0.04422,0.042228,0.044927
2024-06-28,1.0,0.042882,0.041072,0.04449
2024-06-28,2.0,0.038603,0.037239,0.042819
2024-07-02,0.5,0.045544,0.043302,0.045184
2024-07-02,0.75,0.044316,0.042064,0.044744
2024-07-02,1.0,0.043154,0.040918,0.044311
2024-07-02,2.0,0.039205,0.037115,0.042655
2024-07-03,0.5,0.045504,0.043258,0.045136
2024-07-03,0.75,0.044279,0.042023,0.044697
2024-07-03,1.0,0.043103,0.040879,0.044266
2024-07-03,2.0,0.038962,0.037084,0.042614
2024-07-04,0.5,0.045478,0.043236,0.045112
2024-07-04,0.75,0.044233,0.042001,0.044673
2024-07-04,1.0,0.043061,0.040859,0.044242
2024-07-04,2.0,0.039128,0.037067,0.042592
2024-07-05,0.5,0.045016,0.043401,0.04529
2024-07-05,0.75,0.043651,0.042158,0.044848
2024-07-05,1.0,0.042348,0.041006,0.044413
2024-07-05,2.0,0.038091,0.037185,0.042749
2024-07-08,0.5,0.045058,0.04328,0.045159
2024-07-08,0.75,0.043656,0.042043,0.04472
2024-07-08,1.0,0.042325,0.040898,0.044288
2024-07-08,2.0,0.038003,0.037099,0.042634
2024-07-09,0.5,0.044983,0.043228,0.045104
2024-07-09,0.75,0.043606,0.041994,0.044665
2024-07-09,1.0,0.04229,0.040852,0.044234
2024-07-09,2.0,0.037947,0.037062,0.042585
2024-07-10,0.5,0.044876,0.043075,0.044938
2024-07-10,0.75,0.043606,0.04185,0.044504
2024-07-10,1.0,0.042343,0.040716,0.044076
2024-07-10,2.0,0.037845,0.036953,0.042441
2024-07-11,0.5,0.044621,0.043064,0.044926
2024-07-11,0.75,0.043255,0.04184,0.044492
2024-07-11,1.0,0.041881,0.040706,0.044065
2024-07-11,2.0,0.037191,0.036945,0.04243
2024-07-12,0.5,0.044448,0.042993,0.04485
2024-07-12,0.75,0.043029,0.041773,0.044417
2024-07-12,1.0,0.041593,0.040643,0.043992
2024-07-12,2.0,0.036801,0.036895,0.042364
2024-07-15,0.5,0.044288,0.042698,0.044531
2024-07-15,0.75,0.042859,0.041495,0.044106
2024-07-15,1.0,0.041409,0.040381,0.043688
2024-07-15,2.0,0.036595,0.036685,0.042086
2024-07-16,0.5,0.04397,0.042294,0.044095
2024-07-16,0.75,0.042554,0.041115,0.04368
2024-07-16,1.0,0.041128,0.040022,0.043271
2024-07-16,2.0,0.036312,0.036397,0.041705
2024-07-17,0.5,0.043941,0.042274,0.044073
2024-07-17,0.75,0.042581,0.041095,0.043658
2024-07-17,1.0,0.041214,0.040004,0.04325
2024-07-17,2.0,0.036413,0.036383,0.041686
2024-07-18,0.5,0.043485,0.042095,0.043879
2024-07-18,0.75,0.042253,0.040927,0.043469
2024-07-18,1.0,0.041055,0.039845,0.043065
2024-07-18,2.0,0.036613,0.036255,0.041517
2024-07-19,0.5,0.043483,0.04206,0.043842
2024-07-19,0.75,0.042251,0.040894,0.043432
2024-07-19,1.0,0.0411,0.039814,0.043029
2024-07-19,2.0,0.036801,0.03623,0.041485
2024-07-22,0.5,0.043663,0.041957,0.04373
2024-07-22,0.75,0.042421,0.040797,0.043323
2024-07-22,1.0,0.041269,0.039722,0.042922
2024-07-22,2.0,0.036985,0.036157,0.041387
2024-07-23,0.5,0.043615,0.041905,0.043674
2024-07-23,0.75,0.04236,0.040747,0.043268
2024-07-23,1.0,0.041132,0.039676,0.042869
2024-07-23,2.0,0.036594,0.03612,0.041338
2024-07-24,0.5,0.043061,0.041598,0.043344
2024-07-24,0.75,0.04168,0.040459,0.042945
2024-07-24,1.0,0.040392,0.039404,0.042553
2024-07-24,2.0,0.035894,0.035902,0.04105
2024-07-25,0.5,0.043057,0.041576,0.043319
2024-07-25,0.75,0.041623,0.040438,0.042921
2024-07-25,1.0,0.040316,0.039384,0.04253
2024-07-25,2.0,0.035865,0.035886,0.041028
2024-07-26,0.5,0.042859,0.041326,0.04305
2024-07-26,0.75,0.041376,0.040203,0.042658
2024-07-26,1.0,0.040007,0.039162,0.042272
2024-07-26,2.0,0.035428,0.035708,0.040793
2024-07-29,0.5,0.042816,0.04152,0.043259
2024-07-29,0.75,0.041267,0.040385,0.042862
2024-07-29,1.0,0.039831,0.039334,0.042472
2024-07-29,2.0,0.035098,0.035846,0.040976
2024-07-30,0.5,0.042399,0.041296,0.043017
2024-07-30,0.75,0.040896,0.040174,0.042626
2024-07-30,1.0,0.039408,0.039135,0.042241
2024-07-30,2.0,0.034472,0.035687,0.040765
2024-07-31,0.5,0.042434,0.041205,0.042919
2024-07-31,0.75,0.0408,0.040089,0.04253
2024-07-31,1.0,0.039166,0.039054,0.042147
2024-07-31,2.0,0.033973,0.035622,0.040679
2024-08-01,0.5,0.041942,0.040797,0.042478
2024-08-01,0.75,0.04023,0.039704,0.0421
2024-08-01,1.0,0.038467,0.038692,0.041726
2024-08-01,2.0,0.033035,0.035332,0.040295
2024-08-02,0.5,0.041016,0.040468,0.042123
2024-08-02,0.75,0.03917,0.039395,0.041752
2024-08-02,1.0,0.037237,0.0384,0.041387
2024-08-02,2.0,0.031275,0.035097,0.039985
2024-08-06,0.5,0.041089,0.040332,0.041975
2024-08-06,0.75,0.039234,0.039266,0.041608
2024-08-06,1.0,0.037411,0.038278,0.041246
2024-08-06,2.0,0.0322,0.035,0.039856
2024-08-07,0.5,0.041135,0.040282,0.041922
2024-08-07,0.75,0.039278,0.039219,0.041555
2024-08-07,1.0,0.037496,0.038234,0.041194
2024-08-07,2.0,0.032476,0.034965,0.039809
2024-08-08,0.5,0.041056,0.040184,0.041816
2024-08-08,0.75,0.039216,0.039126,0.041452
2024-08-08,1.0,0.037515,0.038147,0.041093
2024-08-08,2.0,0.032901,0.034895,0.039716
2024-08-09,0.5,0.040989,0.040188,0.04182
2024-08-09,0.75,0.03916,0.03913,0.041456
2024-08-09,1.0,0.037429,0.03815,0.041097
2024-08-09,2.0,0.032648,0.034898,0.03972
2024-08-12,0.5,0.04073,0.040117,0.041744
2024-08-12,0.75,0.038963,0.039063,0.041381
2024-08-12,1.0,0.03727,0.038087,0.041024
2024-08-12,2.0,0.032387,0.034847,0.039653
2024-08-13,0.5,0.040516,0.03999,0.041606
2024-08-13,0.75,0.03867,0.038944,0.041247
2024-08-13,1.0,0.036868,0.037975,0.040893
2024-08-13,2.0,0.031773,0.034757,0.039534
2024-08-14,0.5,0.040449,0.040022,0.041641
2024-08-14,0.75,0.038543,0.038974,0.041281
2024-08-14,1.0,0.036721,0.038003,0.040926
2024-08-14,2.0,0.031693,0.03478,0.039564
2024-08-15,0.5,0.040585,0.039839,0.041444
2024-08-15,0.75,0.038788,0.038802,0.041088
2024-08-15,1.0,0.037113,0.037841,0.040738
2024-08-15,2.0,0.032411,0.03465,0.039392
2024-08-16,0.5,0.040441,0.039803,0.041405
2024-08-16,0.75,0.038719,0.038768,0.04105
2024-08-16,1.0,0.036994,0.037809,0.040701
2024-08-16,2.0,0.032399,0.034624,0.039358
2024-08-19,0.5,0.040486,0.039885,0.041493
2024-08-19,0.75,0.038702,0.038845,0.041136
2024-08-19,1.0,0.036955,0.037881,0.040785
2024-08-19,2.0,0.032601,0.034682,0.039435
2024-08-20,0.5,0.040438,0.039766,0.041364
2024-08-20,0.75,0.038465,0.038732,0.04101
2024-08-20,1.0,0.036551,0.037775,0.040662
2024-08-20,2.0,0.031997,0.034597,0.039322
2024-08-21,0.5,0.040289,0.039787,0.041387
2024-08-21,0.75,0.038297,0.038752,0.041032
2024-08-21,1.0,0.03637,0.037794,0.040683
2024-08-21,2.0,0.031821,0.034612,0.039342
2024-08-22,0.5,0.040185,0.039751,0.041349
2024-08-22,0.75,0.038324,0.038719,0.040995
2024-08-22,1.0,0.036547,0.037762,0.040647
2024-08-22,2.0,0.03226,0.034587,0.039309
2024-08-23,0.5,0.040161,0.039724,0.041319
2024-08-23,0.75,0.038216,0.038693,0.040966
2024-08-23,1.0,0.036336,0.037738,0.040618
2024-08-23,2.0,0.031669,0.034567,0.039283
2024-08-26,0.5,0.040123,0.039616,0.041203
2024-08-26,0.75,0.038164,0.038592,0.040853
2024-08-26,1.0,0.036308,0.037643,0.040508
2024-08-26,2.0,0.03185,0.034491,0.039182
2024-08-27,0.5,0.040011,0.039476,0.041051
2024-08-27,0.75,0.03812,0.03846,0.040705
2024-08-27,1.0,0.036319,0.037518,0.040363
2024-08-27,2.0,0.031788,0.034391,0.039049
2024-08-28,0.5,0.039959,0.03938,0.040948
2024-08-28,0.75,0.038028,0.038369,0.040603
2024-08-28,1.0,0.036237,0.037432,0.040264
2024-08-28,2.0,0.031953,0.034322,0.038959
2024-08-29,0.5,0.039816,0.039209,0.040763
2024-08-29,0.75,0.038025,0.038208,0.040423
2024-08-29,1.0,0.03639,0.03728,0.040087
2024-08-29,2.0,0.032363,0.034201,0.038798
2024-08-30,0.5,0.039838,0.039107,0.040653
2024-08-30,0.75,0.03802,0.038112,0.040316
2024-08-30,1.0,0.036384,0.03719,0.039983
2024-08-30,2.0,0.032492,0.034128,0.038702
2024-09-03,0.5,0.039547,0.038818,0.040341
2024-09-03,0.75,0.03775,0.03784,0.04001
2024-09-03,1.0,0.036089,0.036933,0.039684
2024-09-03,2.0,0.03184,0.033923,0.03843
2024-09-04,0.5,0.039034,0.038358,0.039844
2024-09-04,0.75,0.03713,0.037406,0.039524
2024-09-04,1.0,0.035345,0.036524,0.039209
2024-09-04,2.0,0.030809,0.033595,0.037996
2024-09-05,0.5,0.03898,0.038358,0.039844
2024-09-05,0.75,0.03701,0.037407,0.039525
2024-09-05,1.0,0.035202,0.036525,0.03921
2024-09-05,2.0,0.030733,0.033595,0.037996
2024-09-06,0.5,0.03872,0.038342,0.039826
2024-09-06,0.75,0.036607,0.037391,0.039507
2024-09-06,1.0,0.03468,0.03651,0.039192
2024-09-06,2.0,0.030011,0.033583,0.03798
2024-09-09,0.5,0.03861,0.038369,0.039856
2024-09-09,0.75,0.03652,0.037416,0.039536
2024-09-09,1.0,0.034597,0.036534,0.03922
2024-09-09,2.0,0.029728,0.033603,0.038006
2024-09-10,0.5,0.03839,0.038243,0.03972
2024-09-10,0.75,0.036291,0.037298,0.039403
2024-09-10,1.0,0.034326,0.036422,0.039091
2024-09-10,2.0,0.029325,0.033513,0.037887
2024-09-11,0.5,0.038332,0.038252,0.039729
2024-09-11,0.75,0.036242,0.037306,0.039413
2024-09-11,1.0,0.034362,0.03643,0.0391
2024-09-11,2.0,0.029654,0.033519,0.037896
2024-09-12,0.5,0.038293,0.038301,0.039782
2024-09-12,0.75,0.036165,0.037353,0.039464
2024-09-12,1.0,0.034236,0.036474,0.03915
2024-09-12,2.0,0.029424,0.033554,0.037942
2024-09-13,0.5,0.03808,0.038283,0.039762
2024-09-13,0.75,0.035777,0.037335,0.039445
2024-09-13,1.0,0.03371,0.036457,0.039131
2024-09-13,2.0,0.028839,0.033541,0.037925
2024-09-16,0.5,0.037601,0.038098,0.039563
2024-09-16,0.75,0.035076,0.037161,0.03925
2024-09-16,1.0,0.032925,0.036293,0.038941
2024-09-16,2.0,0.028194,0.033409,0.03775
2024-09-17,0.5,0.037432,0.038065,0.039527
2024-09-17,0.75,0.034872,0.03713,0.039215
2024-09-17,1.0,0.032853,0.036264,0.038907
2024-09-17,2.0,0.028629,0.033386,0.03772
2024-09-18,0.5,0.037279,0.03794,0.039392
2024-09-18,0.75,0.034665,0.037012,0.039083
2024-09-18,1.0,0.032649,0.036153,0.038778
2024-09-18,2.0,0.02864,0.033297,0.037602
2024-09-19,0.5,0.037258,0.03785,0.039296
2024-09-19,0.75,0.034733,0.036928,0.038989
2024-09-19,1.0,0.032685,0.036073,0.038685
2024-09-19,2.0,0.02844,0.033233,0.037517
2024-09-20,0.5,0.037257,0.037786,0.039226
2024-09-20,0.75,0.034785,0.036867,0.038921
2024-09-20,1.0,0.032772,0.036016,0.038619
2024-09-20,2.0,0.028524,0.033187,0.037457
2024-09-23,0.5,0.037145,0.037725,0.03916
2024-09-23,0.75,0.034666,0.03681,0.038856
2024-09-23,1.0,0.032701,0.035962,0.038556
2024-09-23,2.0,0.028511,0.033144,0.037399
2024-09-24,0.5,0.037031,0.037627,0.039054
2024-09-24,0.75,0.034539,0.036717,0.038753
2024-09-24,1.0,0.032564,0.035875,0.038455
2024-09-24,2.0,0.028353,0.033074,0.037307
2024-09-25,0.5,0.036862,0.03754,0.03896
2024-09-25,0.75,0.034533,0.036635,0.038661
2024-09-25,1.0,0.032443,0.035797,0.038365
2024-09-25,2.0,0.028905,0.033012,0.037225
2024-09-26,0.5,0.036777,0.037457,0.03887
2024-09-26,0.75,0.034528,0.036557,0.038573
2024-09-26,1.0,0.03252,0.035723,0.038279
2024-09-26,2.0,0.029092,0.032953,0.037146
2024-09-27,0.5,0.036659,0.037377,0.038784
2024-09-27,0.75,0.034317,0.036482,0.038489
2024-09-27,1.0,0.032194,0.035652,0.038197
2024-09-27,2.0,0.028397,0.032896,0.037071
2024-10-01,0.5,0.036585,0.037199,0.038592
2024-10-01,0.75,0.0343,0.036315,0.038301
2024-10-01,1.0,0.032275,0.035495,0.038014
2024-10-01,2.0,0.028501,0.03277,0.036904
2024-10-02,0.5,0.036585,0.037163,0.038554
2024-10-02,0.75,0.034362,0.036281,0.038263
2024-10-02,1.0,0.032454,0.035463,0.037977
2024-10-02,2.0,0.029023,0.032744,0.03687
2024-10-03,0.5,0.036715,0.037131,0.038519
2024-10-03,0.75,0.034634,0.036251,0.03823
2024-10-03,1.0,0.032889,0.035434,0.037944
2024-10-03,2.0,0.029698,0.032722,0.03684
2024-10-04,0.5,0.037378,0.03716,0.03855
2024-10-04,0.75,0.035672,0.036277,0.03826
2024-10-04,1.0,0.034268,0.03546,0.037973
2024-10-04,2.0,0.0313,0.032742,0.036867
2024-10-07,0.5,0.037709,0.037196,0.038589
2024-10-07,0.75,0.036172,0.036311,0.038298
2024-10-07,1.0,0.034908,0.035491,0.03801
2024-10-07,2.0,0.031852,0.032767,0.0369
2024-10-08,0.5,0.037412,0.036985,0.038361
2024-10-08,0.75,0.03585,0.036112,0.038075
2024-10-08,1.0,0.034603,0.035304,0.037792
2024-10-08,2.0,0.031683,0.032617,0.036701
2024-10-09,0.5,0.037292,0.036894,0.038262
2024-10-09,0.75,0.035804,0.036026,0.037979
2024-10-09,1.0,0.034554,0.035223,0.037698
2024-10-09,2.0,0.031525,0.032552,0.036616
2024-10-10,0.5,0.036685,0.036444,0.037777
2024-10-10,0.75,0.035149,0.035603,0.037504
2024-10-10,1.0,0.033862,0.034823,0.037234
2024-10-10,2.0,0.03096,0.032232,0.036192
2024-10-11,0.5,0.036447,0.036145,0.037454
2024-10-11,0.75,0.034807,0.035321,0.037188
2024-10-11,1.0,0.033443,0.034557,0.036926
2024-10-11,2.0,0.03052,0.032019,0.03591
2024-10-15,0.5,0.035502,0.035505,0.036763
2024-10-15,0.75,0.033837,0.034719,0.036513
2024-10-15,1.0,0.032538,0.033989,0.036266
2024-10-15,2.0,0.029887,0.031564,0.035307
2024-10-16,0.5,0.035424,0.035347,0.036592
2024-10-16,0.75,0.033697,0.034569,0.036346
2024-10-16,1.0,0.032344,0.033849,0.036102
2024-10-16,2.0,0.029548,0.031451,0.035158
2024-10-17,0.5,0.035409,0.035263,0.036501
2024-10-17,0.75,0.03373,0.03449,0.036257
2024-10-17,1.0,0.032439,0.033774,0.036015
2024-10-17,2.0,0.029814,0.031391,0.035079
2024-10-18,0.5,0.035177,0.035078,0.036301
2024-10-18,0.75,0.033494,0.034316,0.036062
2024-10-18,1.0,0.032174,0.033609,0.035824
2024-10-18,2.0,0.029458,0.031259,0.034904
2024-10-21,0.5,0.035215,0.034754,0.035952
2024-10-21,0.75,0.033623,0.034011,0.035721
2024-10-21,1.0,0.032199,0.033322,0.035491
2024-10-21,2.0,0.030031,0.031029,0.0346
2024-10-22,0.5,0.034942,0.034463,0.035637
2024-10-22,0.75,0.033461,0.033737,0.035413
2024-10-22,1.0,0.032143,0.033063,0.03519
2024-10-22,2.0,0.029983,0.030822,0.034325
2024-10-23,0.5,0.034348,0.033804,0.034925
2024-10-23,0.75,0.033012,0.033115,0.034717
2024-10-23,1.0,0.031864,0.032477,0.03451
2024-10-23,2.0,0.030187,0.030352,0.033704
2024-10-24,0.5,0.034366,0.033533,0.034633
2024-10-24,0.75,0.033066,0.032861,0.034431
2024-10-24,1.0,0.031984,0.032237,0.034231
2024-10-24,2.0,0.030437,0.03016,0.033449
2024-10-25,0.5,0.034296,0.0336,0.034706
2024-10-25,0.75,0.033008,0.032924,0.034502
2024-10-25,1.0,0.03195,0.032296,0.0343
2024-10-25,2.0,0.030523,0.030208,0.033512
2024-10-28,0.5,0.034205,0.033606,0.034712
2024-10-28,0.75,0.032956,0.03293,0.034509
2024-10-28,1.0,0.031958,0.032302,0.034306
2024-10-28,2.0,0.030549,0.030212,0.033518
2024-10-29,0.5,0.03417,0.033536,0.034636
2024-10-29,0.75,0.032926,0.032863,0.034434
2024-10-29,1.0,0.03191,0.032239,0.034234
2024-10-29,2.0,0.030406,0.030162,0.033451
2024-10-30,0.5,0.034038,0.033539,0.034639
2024-10-30,0.75,0.03277,0.032866,0.034437
2024-10-30,1.0,0.031886,0.032242,0.034237
2024-10-30,2.0,0.029456,0.030164,0.033454
2024-10-31,0.5,0.033992,0.033581,0.034685
2024-10-31,0.75,0.03279,0.032906,0.034482
2024-10-31,1.0,0.031816,0.032279,0.03428
2024-10-31,2.0,0.030288,0.030194,0.033494
2024-11-01,0.5,0.033941,0.033612,0.034718
2024-11-01,0.75,0.032804,0.032935,0.034514
2024-11-01,1.0,0.03193,0.032307,0.034312
2024-11-01,2.0,0.030629,0.030216,0.033523
2024-11-04,0.5,0.033878,0.033587,0.034691
2024-11-04,0.75,0.032736,0.032911,0.034488
2024-11-04,1.0,0.031885,0.032284,0.034286
2024-11-04,2.0,0.030585,0.030198,0.033499
2024-11-05,0.5,0.033933,0.03357,0.034672
2024-11-05,0.75,0.032928,0.032895,0.03447
2024-11-05,1.0,0.032215,0.032269,0.034268
2024-11-05,2.0,0.031013,0.030186,0.033483
2024-11-06,0.5,0.033964,0.033529,0.034629
2024-11-06,0.75,0.032977,0.032857,0.034427
2024-11-06,1.0,0.032284,0.032233,0.034227
2024-11-06,2.0,0.031191,0.030157,0.033445
2024-11-07,0.5,0.03382,0.033489,0.034586
2024-11-07,0.75,0.032807,0.032819,0.034385
2024-11-07,1.0,0.031965,0.032198,0.034186
2024-11-07,2.0,0.030322,0.030129,0.033407
2024-11-08,0.5,0.033823,0.033477,0.034573
2024-11-08,0.75,0.032737,0.032808,0.034372
2024-11-08,1.0,0.03189,0.032187,0.034173
2024-11-08,2.0,0.030375,0.03012,0.033396
2024-11-12,0.5,0.03382,0.033456,0.03455
2024-11-12,0.75,0.032908,0.032788,0.03435
2024-11-12,1.0,0.032304,0.032168,0.034151
2024-11-12,2.0,0.031166,0.030105,0.033376
2024-11-13,0.5,0.033798,0.033502,0.0346
2024-11-13,0.75,0.032872,0.032831,0.034399
2024-11-13,1.0,0.032278,0.032209,0.034199
2024-11-13,2.0,0.031206,0.030138,0.033419
2024-11-14,0.5,0.033765,0.033453,0.034547
2024-11-14,0.75,0.032819,0.032785,0.034347
2024-11-14,1.0,0.032266,0.032166,0.034149
2024-11-14,2.0,0.031278,0.030103,0.033374
2024-11-15,0.5,0.033852,0.03348,0.034575
2024-11-15,0.75,0.032883,0.03281,0.034375
2024-11-15,1.0,0.032238,0.032189,0.034176
2024-11-15,2.0,0.030936,0.030122,0.033398
2024-11-18,0.5,0.033756,0.033402,0.034492
2024-11-18,0.75,0.03287,0.032737,0.034293
2024-11-18,1.0,0.032323,0.03212,0.034096
2024-11-18,2.0,0.031096,0.030067,0.033325
2024-11-19,0.5,0.033693,0.033374,0.034461
2024-11-19,0.75,0.032967,0.03271,0.034263
2024-11-19,1.0,0.032392,0.032095,0.034066
2024-11-19,2.0,0.031576,0.030046,0.033298
2024-11-20,0.5,0.033676,0.033322,0.034405
2024-11-20,0.75,0.033053,0.032662,0.034209
2024-11-20,1.0,0.032604,0.032049,0.034013
2024-11-20,2.0,0.032141,0.03001,0.03325
2024-11-21,0.5,0.033984,0.033181,0.034253
2024-11-21,0.75,0.033417,0.032529,0.03406
2024-11-21,1.0,0.033088,0.031924,0.033868
2024-11-21,2.0,0.033252,0.029909,0.033117
2024-11-22,0.5,0.034101,0.033145,0.034214
2024-11-22,0.75,0.033586,0.032495,0.034022
2024-11-22,1.0,0.033251,0.031892,0.03383
2024-11-22,2.0,0.033032,0.029883,0.033083
2024-11-25,0.5,0.033832,0.032891,0.03394
2024-11-25,0.75,0.033306,0.032256,0.033754
2024-11-25,1.0,0.032899,0.031666,0.033569
2024-11-25,2.0,0.032012,0.029703,0.032844
2024-11-26,0.5,0.033687,0.032907,0.033956
2024-11-26,0.75,0.033102,0.03227,0.03377
2024-11-26,1.0,0.032651,0.03168,0.033584
2024-11-26,2.0,0.031662,0.029714,0.032858
2024-11-27,0.5,0.033509,0.032773,0.033812
2024-11-27,0.75,0.032878,0.032144,0.033629
2024-11-27,1.0,0.03239,0.031561,0.033446
2024-11-27,2.0,0.031349,0.029618,0.032732
2024-11-28,0.5,0.033447,0.032745,0.033782
2024-11-28,0.75,0.032775,0.032118,0.033599
2024-11-28,1.0,0.032253,0.031536,0.033417
2024-11-28,2.0,0.031143,0.029599,0.032706
2024-11-29,0.5,0.032856,0.0325,0.033517
2024-11-29,0.75,0.032155,0.031887,0.033341
2024-11-29,1.0,0.031453,0.031319,0.033165
2024-11-29,2.0,0.029572,0.029424,0.032475
2024-12-02,0.5,0.032758,0.032451,0.033464
2024-12-02,0.75,0.032067,0.031841,0.033289
2024-12-02,1.0,0.031433,0.031275,0.033114
2024-12-02,2.0,0.029786,0.029389,0.032429
2024-12-03,0.5,0.032632,0.032407,0.033416
2024-12-03,0.75,0.032028,0.031799,0.033242
2024-12-03,1.0,0.031529,0.031236,0.033068
2024-12-03,2.0,0.030071,0.029358,0.032387
2024-12-04,0.5,0.032424,0.032297,0.033298
2024-12-04,0.75,0.031862,0.031696,0.033127
2024-12-04,1.0,0.031299,0.031138,0.032956
2024-12-04,2.0,0.029522,0.02928,0.032284
2024-12-05,0.5,0.03236,0.031843,0.032808
2024-12-05,0.75,0.031774,0.031268,0.032647
2024-12-05,1.0,0.031195,0.030735,0.032487
2024-12-05,2.0,0.029709,0.028957,0.031856
2024-12-06,0.5,0.031472,0.031237,0.032154
2024-12-06,0.75,0.030772,0.030698,0.032008
2024-12-06,1.0,0.030077,0.030196,0.031862
2024-12-06,2.0,0.028293,0.028525,0.031285
2024-12-09,0.5,0.031106,0.030652,0.031522
2024-12-09,0.75,0.030487,0.030147,0.03139
2024-12-09,1.0,0.029896,0.029677,0.031258
2024-12-09,2.0,0.028544,0.028109,0.030734
2024-12-10,0.5,0.030992,0.030295,0.031136
2024-12-10,0.75,0.030401,0.02981,0.031013
2024-12-10,1.0,0.029826,0.029359,0.03089
2024-12-10,2.0,0.02832,0.027855,0.030397
2024-12-11,0.5,0.031035,0.030349,0.031194
2024-12-11,0.75,0.030518,0.029861,0.03107
2024-12-11,1.0,0.030031,0.029407,0.030945
2024-12-11,2.0,0.028904,0.027893,0.030448
2024-12-12,0.5,0.031054,0.030381,0.031229
2024-12-12,0.75,0.030586,0.029891,0.031104
2024-12-12,1.0,0.030164,0.029436,0.030979
2024-12-12,2.0,0.029339,0.027916,0.030478
2024-12-13,0.5,0.031089,0.030399,0.031248
2024-12-13,0.75,0.030691,0.029907,0.031122
2024-12-13,1.0,0.030344,0.029451,0.030997
2024-12-13,2.0,0.029639,0.027928,0.030495
2024-12-16,0.5,0.031197,0.030441,0.031293
2024-12-16,0.75,0.030815,0.029947,0.031167
2024-12-16,1.0,0.030474,0.029488,0.03104
2024-12-16,2.0,0.029618,0.027958,0.030534
2024-12-17,0.5,0.031007,0.030389,0.031237
2024-12-17,0.75,0.030639,0.029898,0.031112
2024-12-17,1.0,0.030317,0.029442,0.030986
2024-12-17,2.0,0.029494,0.027921,0.030485
2024-12-18,0.5,0.031144,0.030242,0.031079
2024-12-18,0.75,0.030769,0.02976,0.030957
2024-12-18,1.0,0.03048,0.029312,0.030835
2024-12-18,2.0,0.030017,0.027817,0.030347
2024-12-19,0.5,0.0313,0.030222,0.031057
2024-12-19,0.75,0.03101,0.029741,0.030936
2024-12-19,1.0,0.030776,0.029294,0.030814
2024-12-19,2.0,0.030331,0.027802,0.030328
2024-12-20,0.5,0.031219,0.03023,0.031066
2024-12-20,0.75,0.030909,0.029748,0.030944
2024-12-20,1.0,0.030638,0.029301,0.030822
2024-12-20,2.0,0.029961,0.027808,0.030336
2024-12-23,0.5,0.031225,0.030277,0.031116
2024-12-23,0.75,0.030902,0.029792,0.030994
2024-12-23,1.0,0.030596,0.029343,0.030871
2024-12-23,2.0,0.029772,0.027841,0.03038
2024-12-24,0.5,0.031172,0.030315,0.031157
2024-12-24,0.75,0.030854,0.029828,0.031034
2024-12-24,1.0,0.030559,0.029377,0.03091
2024-12-24,2.0,0.029763,0.027868,0.030416
2024-12-27,0.5,0.030952,0.030274,0.031113
2024-12-27,0.75,0.030516,0.02979,0.030991
2024-12-27,1.0,0.030172,0.029341,0.030868
2024-12-27,2.0,0.029545,0.027839,0.030377
2024-12-30,0.5,0.03082,0.030303,0.031145
2024-12-30,0.75,0.030392,0.029817,0.031022
2024-12-30,1.0,0.03,0.029366,0.030898
2024-12-30,2.0,0.02908,0.02786,0.030405
2024-12-31,0.5,0.030694,0.030336,0.03118
2024-12-31,0.75,0.030168,0.029848,0.031056
2024-12-31,1.0,0.029699,0.029395,0.030932
2024-12-31,2.0,0.02865,0.027883,0.030435
2025-01-02,0.5,0.030594,0.030291,0.031132
2025-01-02,0.75,0.030062,0.029806,0.031009
2025-01-02,1.0,0.029608,0.029356,0.030886
2025-01-02,2.0,0.028717,0.027851,0.030393
2025-01-03,0.5,0.030438,0.030174,0.031005
2025-01-03,0.75,0.029908,0.029695,0.030885
2025-01-03,1.0,0.029489,0.029251,0.030764
2025-01-03,2.0,0.028623,0.027768,0.030283
2025-01-06,0.5,0.030435,0.030142,0.03097
2025-01-06,0.75,0.02995,0.029665,0.030851
2025-01-06,1.0,0.0295,0.029223,0.030731
2025-01-06,2.0,0.028435,0.027745,0.030252
2025-01-07,0.5,0.030435,0.030091,0.030916
2025-01-07,0.75,0.029958,0.029618,0.030798
2025-01-07,1.0,0.029568,0.029178,0.030679
2025-01-07,2.0,0.028747,0.027709,0.030205
2025-01-08,0.5,0.030409,0.030066,0.030889
2025-01-08,0.75,0.029977,0.029594,0.030772
2025-01-08,1.0,0.029612,0.029156,0.030654
2025-01-08,2.0,0.028814,0.027692,0.030182
2025-01-09,0.5,0.030367,0.030012,0.030831
2025-01-09,0.75,0.029933,0.029544,0.030715
2025-01-09,1.0,0.02957,0.029108,0.030598
2025-01-09,2.0,0.028897,0.027653,0.030131
2025-01-10,0.5,0.030903,0.030218,0.031053
2025-01-10,0.75,0.030598,0.029737,0.030932
2025-01-10,1.0,0.030458,0.029291,0.03081
2025-01-10,2.0,0.03014,0.027799,0.030324
2025-01-13,0.5,0.031224,0.030376,0.031223
2025-01-13,0.75,0.030977,0.029886,0.031098
2025-01-13,1.0,0.030813,0.029431,0.030973
2025-01-13,2.0,0.030812,0.027912,0.030473
2025-01-14,0.5,0.031222,0.030179,0.031011
2025-01-14,0.75,0.031061,0.029701,0.030891
2025-01-14,1.0,0.03096,0.029256,0.03077
2025-01-14,2.0,0.030926,0.027772,0.030288
2025-01-15,0.5,0.0307,0.030005,0.030823
2025-01-15,0.75,0.030524,0.029537,0.030707
2025-01-15,1.0,0.030354,0.029101,0.030591
2025-01-15,2.0,0.029777,0.027648,0.030124
2025-01-16,0.5,0.030332,0.029765,0.030564
2025-01-16,0.75,0.030059,0.029311,0.030454
2025-01-16,1.0,0.029782,0.028888,0.030343
2025-01-16,2.0,0.028963,0.027477,0.029898
2025-01-17,0.5,0.030182,0.029609,0.030395
2025-01-17,0.75,0.029927,0.029164,0.030289
2025-01-17,1.0,0.029654,0.02875,0.030182
2025-01-17,2.0,0.028728,0.027366,0.029751
2025-01-20,0.5,0.030221,0.029555,0.030336
2025-01-20,0.75,0.030001,0.029112,0.030231
2025-01-20,1.0,0.029724,0.028701,0.030126
2025-01-20,2.0,0.028626,0.027327,0.029699
2025-01-21,0.5,0.029929,0.029379,0.030146
2025-01-21,0.75,0.029636,0.028947,0.030046
2025-01-21,1.0,0.029374,0.028545,0.029944
2025-01-21,2.0,0.028595,0.027202,0.029534
2025-01-22,0.5,0.030108,0.02937,0.030137
2025-01-22,0.75,0.029825,0.028938,0.030037
2025-01-22,1.0,0.029615,0.028537,0.029935
2025-01-22,2.0,0.029051,0.027196,0.029525
2025-01-23,0.5,0.029967,0.029327,0.030091
2025-01-23,0.75,0.029708,0.028898,0.029992
2025-01-23,1.0,0.029513,0.028499,0.029891
2025-01-23,2.0,0.028935,0.027165,0.029485
2025-01-24,0.5,0.029764,0.029066,0.029809
2025-01-24,0.75,0.029545,0.028652,0.029716
2025-01-24,1.0,0.029324,0.028267,0.029622
2025-01-24,2.0,0.028491,0.026979,0.029239
2025-01-27,0.5,0.029362,0.028837,0.029561
2025-01-27,0.75,0.029165,0.028436,0.029474
2025-01-27,1.0,0.028947,0.028063,0.029385
2025-01-27,2.0,0.028021,0.026816,0.029023
2025-01-28,0.5,0.029134,0.028574,0.029278
2025-01-28,0.75,0.028943,0.028189,0.029197
2025-01-28,1.0,0.028709,0.02783,0.029114
2025-01-28,2.0,0.027728,0.026629,0.028775
2025-01-29,0.5,0.028749,0.028228,0.028904
2025-01-29,0.75,0.028588,0.027863,0.028832
2025-01-29,1.0,0.02836,0.027523,0.028757
2025-01-29,2.0,0.027365,0.026383,0.028449
2025-01-30,0.5,0.028488,0.028054,0.028715
2025-01-30,0.75,0.028287,0.027698,0.028647
2025-01-30,1.0,0.028005,0.027367,0.028577
2025-01-30,2.0,0.026786,0.026259,0.028285
2025-01-31,0.5,0.027808,0.027824,0.028467
2025-01-31,0.75,0.027481,0.027482,0.028405
2025-01-31,1.0,0.027135,0.027163,0.02834
2025-01-31,2.0,0.026059,0.026095,0.028068
2025-02-03,0.5,0.026948,0.027074,0.027657
2025-02-03,0.75,0.026592,0.026775,0.027612
2025-02-03,1.0,0.026229,0.026496,0.027566
2025-02-03,2.0,0.025098,0.025561,0.027361
2025-02-04,0.5,0.027421,0.027517,0.028135
2025-02-04,0.75,0.027004,0.027192,0.02808
2025-02-04,1.0,0.026615,0.02689,0.028023
2025-02-04,2.0,0.025531,0.025876,0.027779
2025-02-05,0.5,0.027424,0.027481,0.028097
2025-02-05,0.75,0.026998,0.027159,0.028043
2025-02-05,1.0,0.026585,0.026859,0.027987
2025-02-05,2.0,0.025367,0.025851,0.027745
2025-02-06,0.5,0.027473,0.027407,0.028017
2025-02-06,0.75,0.02705,0.027089,0.027965
2025-02-06,1.0,0.026638,0.026793,0.02791
2025-02-06,2.0,0.025398,0.025799,0.027676
2025-02-07,0.5,0.027963,0.027859,0.028505
2025-02-07,0.75,0.027632,0.027515,0.028442
2025-02-07,1.0,0.027376,0.027194,0.028376
2025-02-07,2.0,0.026485,0.02612,0.028101
2025-02-10,0.5,0.027788,0.027642,0.02827
2025-02-10,0.75,0.027427,0.02731,0.028212
2025-02-10,1.0,0.027134,0.027001,0.028152
2025-02-10,2.0,0.026218,0.025965,0.027897
2025-02-11,0.5,0.027832,0.027603,0.028228
2025-02-11,0.75,0.027542,0.027274,0.028171
2025-02-11,1.0,0.027339,0.026967,0.028112
2025-02-11,2.0,0.026609,0.025938,0.02786
2025-02-12,0.5,0.027989,0.027709,0.028343
2025-02-12,0.75,0.027752,0.027374,0.028283
2025-02-12,1.0,0.02769,0.027061,0.028222
2025-02-12,2.0,0.027323,0.026013,0.02796
2025-02-13,0.5,0.027908,0.027719,0.028354
2025-02-13,0.75,0.027645,0.027383,0.028294
2025-02-13,1.0,0.027499,0.02707,0.028231
2025-02-13,2.0,0.026869,0.02602,0.027969
2025-02-14,0.5,0.027938,0.027811,0.028453
2025-02-14,0.75,0.02769,0.02747,0.028391
2025-02-14,1.0,0.027499,0.027152,0.028327
2025-02-14,2.0,0.026772,0.026086,0.028056
2025-02-18,0.5,0.028351,0.028008,0.028666
2025-02-18,0.75,0.028153,0.027655,0.028598
2025-02-18,1.0,0.02808,0.027326,0.028529
2025-02-18,2.0,0.027624,0.026226,0.028241
2025-02-19,0.5,0.028498,0.028065,0.028728
2025-02-19,0.75,0.028274,0.027709,0.028659
2025-02-19,1.0,0.028106,0.027377,0.028589
2025-02-19,2.0,0.027561,0.026267,0.028295
2025-02-20,0.5,0.028647,0.027946,0.028599
2025-02-20,0.75,0.02841,0.027597,0.028533
2025-02-20,1.0,0.028041,0.027272,0.028466
2025-02-20,2.0,0.025135,0.026182,0.028183
2025-02-21,0.5,0.028336,0.027888,0.028536
2025-02-21,0.75,0.028046,0.027542,0.028472
2025-02-21,1.0,0.027781,0.02722,0.028406
2025-02-21,2.0,0.026925,0.026141,0.028129
2025-02-24,0.5,0.028429,0.027921,0.028572
2025-02-24,0.75,0.028127,0.027573,0.028507
2025-02-24,1.0,0.027768,0.027249,0.02844
2025-02-24,2.0,0.026541,0.026164,0.028159
2025-02-25,0.5,0.027877,0.027612,0.028238
2025-02-25,0.75,0.027519,0.027282,0.02818
2025-02-25,1.0,0.027164,0.026974,0.028121
2025-02-25,2.0,0.026041,0.025944,0.027868
2025-02-26,0.5,0.027921,0.027636,0.028264
2025-02-26,0.75,0.027564,0.027305,0.028206
2025-02-26,1.0,0.027214,0.026996,0.028146
2025-02-26,2.0,0.026162,0.025961,0.027891
2025-02-27,0.5,0.027611,0.027533,0.028153
2025-02-27,0.75,0.027195,0.027208,0.028097
2025-02-27,1.0,0.026847,0.026905,0.02804
2025-02-27,2.0,0.025899,0.025888,0.027794
2025-02-28,0.5,0.027503,0.027464,0.028079
2025-02-28,0.75,0.026953,0.027143,0.028025
2025-02-28,1.0,0.026478,0.026843,0.027969
2025-02-28,2.0,0.025324,0.025839,0.027729
2025-03-03,0.5,0.027416,0.02742,0.028031
2025-03-03,0.75,0.02688,0.027101,0.027978
2025-03-03,1.0,0.026198,0.026804,0.027923
2025-03-03,2.0,0.024315,0.025808,0.027688
2025-03-04,0.5,0.026408,0.026645,0.027194
2025-03-04,0.75,0.025806,0.026371,0.02716
2025-03-04,1.0,0.02531,0.026116,0.027124
2025-03-04,2.0,0.02428,0.025256,0.026957
2025-03-05,0.5,0.026859,0.026716,0.02727
2025-03-05,0.75,0.02637,0.026438,0.027235
2025-03-05,1.0,0.025979,0.026178,0.027196
2025-03-05,2.0,0.025093,0.025306,0.027024
2025-03-06,0.5,0.027224,0.026786,0.027347
2025-03-06,0.75,0.026883,0.026504,0.027309
2025-03-06,1.0,0.026668,0.026241,0.027269
2025-03-06,2.0,0.026038,0.025356,0.02709
2025-03-07,0.5,0.026918,0.026677,0.027228
2025-03-07,0.75,0.026543,0.026401,0.027193
2025-03-07,1.0,0.026286,0.026144,0.027156
2025-03-07,2.0,0.02562,0.025278,0.026987
2025-03-10,0.5,0.026627,0.026454,0.026988
2025-03-10,0.75,0.026189,0.026191,0.026958
2025-03-10,1.0,0.025857,0.025946,0.026926
2025-03-10,2.0,0.025054,0.02512,0.026777
2025-03-11,0.5,0.026284,0.026057,0.026559
2025-03-11,0.75,0.025785,0.025817,0.026539
2025-03-11,1.0,0.02538,0.025593,0.026517
2025-03-11,2.0,0.02499,0.024837,0.026403
2025-03-12,0.5,0.026405,0.025967,0.026462
2025-03-12,0.75,0.026057,0.025732,0.026444
2025-03-12,1.0,0.025792,0.025513,0.026424
2025-03-12,2.0,0.025554,0.024773,0.026318
2025-03-13,0.5,0.026319,0.025949,0.026442
2025-03-13,0.75,0.025916,0.025715,0.026425
2025-03-13,1.0,0.025619,0.025497,0.026405
2025-03-13,2.0,0.025336,0.02476,0.026301
2025-03-14,0.5,0.026323,0.025914,0.026405
2025-03-14,0.75,0.025911,0.025683,0.026389
2025-03-14,1.0,0.025613,0.025466,0.026369
2025-03-14,2.0,0.025404,0.024735,0.026268
2025-03-17,0.5,0.026261,0.025899,0.026388
2025-03-17,0.75,0.02583,0.025668,0.026372
2025-03-17,1.0,0.025522,0.025453,0.026354
2025-03-17,2.0,0.025208,0.024724,0.026254
2025-03-18,0.5,0.026371,0.026008,0.026506
2025-03-18,0.75,0.025955,0.025771,0.026488
2025-03-18,1.0,0.025629,0.02555,0.026467
2025-03-18,2.0,0.025142,0.024802,0.026357
2025-03-19,0.5,0.026356,0.025975,0.02647
2025-03-19,0.75,0.025898,0.025739,0.026452
2025-03-19,1.0,0.025516,0.02552,0.026432
2025-03-19,2.0,0.024862,0.024778,0.026325
2025-03-20,0.5,0.026332,0.025969,0.026463
2025-03-20,0.75,0.025872,0.025734,0.026446
2025-03-20,1.0,0.025515,0.025514,0.026425
2025-03-20,2.0,0.025023,0.024774,0.02632
2025-03-21,0.5,0.026178,0.025922,0.026413
2025-03-21,0.75,0.025719,0.02569,0.026397
2025-03-21,1.0,0.025373,0.025473,0.026377
2025-03-21,2.0,0.02493,0.024741,0.026276
2025-03-24,0.5,0.026335,0.026023,0.026523
2025-03-24,0.75,0.025891,0.025786,0.026504
2025-03-24,1.0,0.02558,0.025563,0.026482
2025-03-24,2.0,0.025196,0.024813,0.026371
2025-03-25,0.5,0.026262,0.025948,0.026441
2025-03-25,0.75,0.025838,0.025714,0.026424
2025-03-25,1.0,0.025594,0.025496,0.026404
2025-03-25,2.0,0.025421,0.024759,0.0263
2025-03-26,0.5,0.026384,0.025981,0.026477
2025-03-26,0.75,0.026031,0.025745,0.026459
2025-03-26,1.0,0.025872,0.025525,0.026438
2025-03-26,2.0,0.025838,0.024783,0.026331
2025-03-27,0.5,0.026261,0.025907,0.026397
2025-03-27,0.75,0.025853,0.025676,0.026381
2025-03-27,1.0,0.025583,0.02546,0.026362
2025-03-27,2.0,0.025284,0.024731,0.026262
2025-03-28,0.5,0.026137,0.025885,0.026374
2025-03-28,0.75,0.025645,0.025655,0.026358
2025-03-28,1.0,0.025268,0.02544,0.02634
2025-03-28,2.0,0.024762,0.024715,0.026241
2025-03-31,0.5,0.026015,0.025788,0.026268
2025-03-31,0.75,0.02545,0.025563,0.026255
2025-03-31,1.0,0.025014,0.025354,0.026239
2025-03-31,2.0,0.024401,0.024645,0.026149
2025-04-01,0.5,0.025877,0.025704,0.026177
2025-04-01,0.75,0.025237,0.025484,0.026166
2025-04-01,1.0,0.024764,0.025279,0.026152
2025-04-01,2.0,0.024123,0.024585,0.02607
2025-04-02,0.5,0.025817,0.025604,0.026069
2025-04-02,0.75,0.025207,0.02539,0.026061
2025-04-02,1.0,0.024773,0.02519,0.026049
2025-04-02,2.0,0.024223,0.024514,0.025976
2025-04-03,0.5,0.02565,0.025564,0.026026
2025-04-03,0.75,0.024884,0.025352,0.026019
2025-04-03,1.0,0.024408,0.025155,0.026008
2025-04-03,2.0,0.023875,0.024486,0.025938
2025-04-04,0.5,0.024996,0.025172,0.025603
2025-04-04,0.75,0.024264,0.024984,0.025605
2025-04-04,1.0,0.023881,0.024807,0.025604
2025-04-04,2.0,0.023592,0.024207,0.025569
2025-04-07,0.5,0.025399,0.025199,0.025633
2025-04-07,0.75,0.024807,0.025009,0.025634
2025-04-07,1.0,0.024574,0.024831,0.025632
2025-04-07,2.0,0.024527,0.024226,0.025595
2025-04-08,0.5,0.025607,0.025214,0.025648
2025-04-08,0.75,0.025075,0.025023,0.025649
2025-04-08,1.0,0.024762,0.024844,0.025647
2025-04-08,2.0,0.024453,0.024237,0.025608
2025-04-09,0.5,0.026512,0.025846,0.026331
2025-04-09,0.75,0.026179,0.025618,0.026317
2025-04-09,1.0,0.026059,0.025405,0.026299
2025-04-09,2.0,0.026048,0.024687,0.026204
2025-04-10,0.5,0.026287,0.02574,0.026216
2025-04-10,0.75,0.025999,0.025518,0.026204
2025-04-10,1.0,0.025964,0.025311,0.026189
2025-04-10,2.0,0.026076,0.024611,0.026104
2025-04-11,0.5,0.026457,0.025852,0.026338
2025-04-11,0.75,0.026186,0.025624,0.026323
2025-04-11,1.0,0.026254,0.025411,0.026306
2025-04-11,2.0,0.026653,0.024691,0.02621
2025-04-14,0.5,0.026257,0.025821,0.026304
2025-04-14,0.75,0.025916,0.025594,0.02629
2025-04-14,1.0,0.025787,0.025383,0.026273
2025-04-14,2.0,0.025646,0.024669,0.02618
2025-04-15,0.5,0.025975,0.025741,0.026218
2025-04-15,0.75,0.025563,0.025519,0.026206
2025-04-15,1.0,0.025376,0.025312,0.026191
2025-04-15,2.0,0.025216,0.024612,0.026105
2025-04-16,0.5,0.026057,0.02591,0.0264
2025-04-16,0.75,0.025601,0.025679,0.026384
2025-04-16,1.0,0.025369,0.025463,0.026365
2025-04-16,2.0,0.0251,0.024733,0.026265
2025-04-17,0.5,0.02604,0.02598,0.026476
2025-04-17,0.75,0.025522,0.025745,0.026458
2025-04-17,1.0,0.025277,0.025525,0.026437
2025-04-17,2.0,0.025104,0.024782,0.02633
2025-04-21,0.5,0.026017,0.025989,0.026486
2025-04-21,0.75,0.025515,0.025753,0.026468
2025-04-21,1.0,0.025387,0.025533,0.026447
2025-04-21,2.0,0.025425,0.024789,0.026339
2025-04-22,0.5,0.026053,0.026026,0.026526
2025-04-22,0.75,0.025621,0.025788,0.026507
2025-04-22,1.0,0.025472,0.025566,0.026485
2025-04-22,2.0,0.025382,0.024815,0.026374
2025-04-23,0.5,0.02615,0.026088,0.026592
2025-04-23,0.75,0.025762,0.025846,0.026572
2025-04-23,1.0,0.025795,0.02562,0.026548
2025-04-23,2.0,0.026098,0.024859,0.026432
2025-04-24,0.5,0.026063,0.026021,0.02652
2025-04-24,0.75,0.025637,0.025783,0.026502
2025-04-24,1.0,0.025611,0.025561,0.02648
2025-04-24,2.0,0.025754,0.024812,0.026369
2025-04-25,0.5,0.026056,0.02605,0.026552
2025-04-25,0.75,0.025623,0.025811,0.026532
2025-04-25,1.0,0.02561,0.025587,0.02651
2025-04-25,2.0,0.025746,0.024832,0.026397
2025-04-28,0.5,0.026062,0.026008,0.026506
2025-04-28,0.75,0.02559,0.025771,0.026488
2025-04-28,1.0,0.02549,0.025549,0.026466
2025-04-28,2.0,0.025477,0.024802,0.026357
2025-04-29,0.5,0.026045,0.026039,0.02654
2025-04-29,0.75,0.025572,0.025801,0.026521
2025-04-29,1.0,0.02541,0.025577,0.026499
2025-04-29,2.0,0.025267,0.024825,0.026386
2025-04-30,0.5,0.025808,0.02596,0.026454
2025-04-30,0.75,0.025259,0.025726,0.026437
2025-04-30,1.0,0.024945,0.025507,0.026417
2025-04-30,2.0,0.024571,0.024768,0.026312
2025-05-01,0.5,0.025782,0.025932,0.026424
2025-05-01,0.75,0.025252,0.0257,0.026408
2025-05-01,1.0,0.025043,0.025482,0.026388
2025-05-01,2.0,0.024856,0.024748,0.026286
2025-05-02,0.5,0.0259,0.025965,0.026459
2025-05-02,0.75,0.025501,0.02573,0.026442
2025-05-02,1.0,0.02538,0.025511,0.026421
2025-05-02,2.0,0.025344,0.024771,0.026316
2025-05-05,0.5,0.025867,0.025941,0.026434
2025-05-05,0.75,0.025434,0.025708,0.026417
2025-05-05,1.0,0.025376,0.02549,0.026398
2025-05-05,2.0,0.025426,0.024755,0.026294
2025-05-06,0.5,0.025973,0.0259,0.02639
2025-05-06,0.75,0.025538,0.02567,0.026374
2025-05-06,1.0,0.025181,0.025454,0.026355
2025-05-06,2.0,0.025193,0.024726,0.026255
2025-05-07,0.5,0.025838,0.025797,0.026278
2025-05-07,0.75,0.025438,0.025572,0.026265
2025-05-07,1.0,0.0251,0.025362,0.026249
2025-05-07,2.0,0.024952,0.024652,0.026158
2025-05-08,0.5,0.026018,0.025768,0.026247
2025-05-08,0.75,0.025696,0.025545,0.026234
2025-05-08,1.0,0.025472,0.025336,0.026218
2025-05-08,2.0,0.025732,0.024631,0.02613
2025-05-09,0.5,0.025706,0.025664,0.026135
2025-05-09,0.75,0.025291,0.025447,0.026125
2025-05-09,1.0,0.024986,0.025244,0.026111
2025-05-09,2.0,0.025121,0.024557,0.026033
2025-05-12,0.5,0.025857,0.025713,0.026188
2025-05-12,0.75,0.025529,0.025493,0.026177
2025-05-12,1.0,0.025356,0.025288,0.026162
2025-05-12,2.0,0.025761,0.024592,0.026079
2025-05-13,0.5,0.025726,0.025689,0.026162
2025-05-13,0.75,0.025463,0.025471,0.026151
2025-05-13,1.0,0.025337,0.025266,0.026137
2025-05-13,2.0,0.025747,0.024575,0.026056
2025-05-14,0.5,0.025682,0.02569,0.026162
2025-05-14,0.75,0.02539,0.025471,0.026152
2025-05-14,1.0,0.025261,0.025267,0.026138
2025-05-14,2.0,0.025826,0.024576,0.026057
2025-05-15,0.5,0.025462,0.025497,0.025954
2025-05-15,0.75,0.02513,0.025289,0.025948
2025-05-15,1.0,0.024931,0.025095,0.025939
2025-05-15,2.0,0.02521,0.024438,0.025875
2025-05-16,0.5,0.025435,0.025475,0.025931
2025-05-16,0.75,0.02511,0.025269,0.025925
2025-05-16,1.0,0.02491,0.025076,0.025916
2025-05-16,2.0,0.025206,0.024423,0.025855
2025-05-20,0.5,0.025918,0.02598,0.026476
2025-05-20,0.75,0.025746,0.025745,0.026458
2025-05-20,1.0,0.02573,0.025525,0.026438
2025-05-20,2.0,0.026239,0.024782,0.026331
2025-05-21,0.5,0.026081,0.025902,0.026392
2025-05-21,0.75,0.025964,0.025671,0.026376
2025-05-21,1.0,0.026067,0.025455,0.026357
2025-05-21,2.0,0.02693,0.024727,0.026257
2025-05-22,0.5,0.026042,0.025872,0.026359
2025-05-22,0.75,0.025887,0.025642,0.026344
2025-05-22,1.0,0.025964,0.025428,0.026325
2025-05-22,2.0,0.026855,0.024705,0.026228
2025-05-23,0.5,0.026032,0.025865,0.026351
2025-05-23,0.75,0.025853,0.025636,0.026337
2025-05-23,1.0,0.025928,0.025422,0.026319
2025-05-23,2.0,0.026769,0.0247,0.026222
2025-05-26,0.5,0.026028,0.025843,0.026328
2025-05-26,0.75,0.025827,0.025616,0.026314
2025-05-26,1.0,0.025885,0.025403,0.026296
2025-05-26,2.0,0.026617,0.024685,0.026201
2025-05-27,0.5,0.025986,0.025871,0.026358
2025-05-27,0.75,0.025748,0.025642,0.026343
2025-05-27,1.0,0.025734,0.025428,0.026325
2025-05-27,2.0,0.026272,0.024705,0.026228
2025-05-28,0.5,0.025979,0.025967,0.026461
2025-05-28,0.75,0.025706,0.025732,0.026444
2025-05-28,1.0,0.02565,0.025513,0.026423
2025-05-28,2.0,0.026057,0.024773,0.026318
2025-05-29,0.5,0.0259,0.025817,0.026299
2025-05-29,0.75,0.025651,0.025591,0.026286
2025-05-29,1.0,0.025585,0.025379,0.026269
2025-05-29,2.0,0.025856,0.024666,0.026177
2025-05-30,0.5,0.025891,0.025822,0.026305
2025-05-30,0.75,0.025644,0.025595,0.026291
2025-05-30,1.0,0.025537,0.025384,0.026274
2025-05-30,2.0,0.025785,0.02467,0.026181
2025-06-02,0.5,0.025966,0.025886,0.026374
2025-06-02,0.75,0.025656,0.025656,0.026358
2025-06-02,1.0,0.025519,0.025441,0.02634
2025-06-02,2.0,0.0257,0.024715,0.026242
2025-06-03,0.5,0.025984,0.025852,0.026338
2025-06-03,0.75,0.025712,0.025624,0.026323
2025-06-03,1.0,0.025661,0.025411,0.026305
2025-06-03,2.0,0.026137,0.024691,0.02621
2025-06-04,0.5,0.02602,0.025873,0.02636
2025-06-04,0.75,0.025771,0.025643,0.026345
2025-06-04,1.0,0.025692,0.025429,0.026326
2025-06-04,2.0,0.025922,0.024706,0.026229
2025-06-05,0.5,0.026254,0.026055,0.026557
2025-06-05,0.75,0.02598,0.025815,0.026537
2025-06-05,1.0,0.025792,0.025591,0.026515
2025-06-05,2.0,0.026135,0.024836,0.026401
2025-06-06,0.5,0.026409,0.026001,0.026499
2025-06-06,0.75,0.026242,0.025765,0.026481
2025-06-06,1.0,0.026186,0.025543,0.026459
2025-06-06,2.0,0.026955,0.024797,0.02635
2025-06-09,0.5,0.026543,0.026193,0.026705
2025-06-09,0.75,0.026365,0.025945,0.026682
2025-06-09,1.0,0.026303,0.025713,0.026657
2025-06-09,2.0,0.02699,0.024934,0.026531
2025-06-10,0.5,0.026513,0.026197,0.02671
2025-06-10,0.75,0.026322,0.025949,0.026687
2025-06-10,1.0,0.026258,0.025717,0.026661
2025-06-10,2.0,0.026914,0.024937,0.026535
2025-06-11,0.5,0.026448,0.02616,0.02667
2025-06-11,0.75,0.026238,0.025914,0.026648
2025-06-11,1.0,0.026161,0.025685,0.026623
2025-06-11,2.0,0.02672,0.024911,0.0265
2025-06-12,0.5,0.026404,0.026151,0.026661
2025-06-12,0.75,0.026204,0.025906,0.026639
2025-06-12,1.0,0.026154,0.025677,0.026614
2025-06-12,2.0,0.026732,0.024904,0.026492
2025-06-13,0.5,0.026522,0.026107,0.026612
2025-06-13,0.75,0.026286,0.025864,0.026592
2025-06-13,1.0,0.026255,0.025637,0.026568
2025-06-13,2.0,0.027124,0.024872,0.02645
2025-06-16,0.5,0.026637,0.02621,0.026724
2025-06-16,0.75,0.026435,0.025961,0.026701
2025-06-16,1.0,0.026431,0.025729,0.026674
2025-06-16,2.0,0.027244,0.024946,0.026547
2025-06-17,0.5,0.02666,0.026201,0.026714
2025-06-17,0.75,0.026486,0.025953,0.026691
2025-06-17,1.0,0.026464,0.025721,0.026665
2025-06-17,2.0,0.027003,0.02494,0.026539
2025-06-18,0.5,0.026655,0.02614,0.026648
2025-06-18,0.75,0.026473,0.025895,0.026627
2025-06-18,1.0,0.026418,0.025666,0.026602
2025-06-18,2.0,0.0268,0.024896,0.026481
2025-06-19,0.5,0.026631,0.026129,0.026636
2025-06-19,0.75,0.02642,0.025885,0.026615
2025-06-19,1.0,0.026349,0.025657,0.026591
2025-06-19,2.0,0.026782,0.024888,0.02647
2025-06-20,0.5,0.026414,0.026003,0.0265
2025-06-20,0.75,0.026156,0.025766,0.026482
2025-06-20,1.0,0.026047,0.025545,0.026461
2025-06-20,2.0,0.026399,0.024798,0.026352
2025-06-23,0.5,0.026399,0.026092,0.026597
2025-06-23,0.75,0.026085,0.02585,0.026576
2025-06-23,1.0,0.025914,0.025624,0.026553
2025-06-23,2.0,0.0261,0.024862,0.026436
2025-06-24,0.5,0.026446,0.026077,0.02658
2025-06-24,0.75,0.026132,0.025836,0.02656
2025-06-24,1.0,0.02594,0.025611,0.026537
2025-06-24,2.0,0.02607,0.024851,0.026422
2025-06-25,0.5,0.026421,0.026119,0.026625
2025-06-25,0.75,0.026154,0.025875,0.026604
2025-06-25,1.0,0.02607,0.025648,0.02658
2025-06-25,2.0,0.026478,0.024881,0.026461
2025-06-26,0.5,0.026368,0.026074,0.026578
2025-06-26,0.75,0.026071,0.025833,0.026558
2025-06-26,1.0,0.025934,0.025608,0.026535
2025-06-26,2.0,0.026192,0.024849,0.026419
2025-06-27,0.5,0.026276,0.025982,0.026478
2025-06-27,0.75,0.025944,0.025747,0.026461
2025-06-27,1.0,0.025788,0.025527,0.02644
2025-06-27,2.0,0.026037,0.024784,0.026333
2025-06-30,0.5,0.026266,0.026019,0.026518
2025-06-30,0.75,0.02593,0.025782,0.026499
2025-06-30,1.0,0.025768,0.025559,0.026478
2025-06-30,2.0,0.025942,0.02481,0.026367
2025-07-02,0.5,0.026342,0.026048,0.02655
2025-07-02,0.75,0.026048,0.025809,0.02653
2025-07-02,1.0,0.026044,0.025585,0.026508
2025-07-02,2.0,0.026614,0.024831,0.026395
2025-07-03,0.5,0.026383,0.026061,0.026563
2025-07-03,0.75,0.026155,0.02582,0.026543
2025-07-03,1.0,0.026219,0.025596,0.02652
2025-07-03,2.0,0.026912,0.02484,0.026406
2025-07-04,0.5,0.026279,0.025941,0.026433
2025-07-04,0.75,0.02606,0.025707,0.026416
2025-07-04,1.0,0.02611,0.02549,0.026397
2025-07-04,2.0,0.026675,0.024754,0.026293
2025-07-07,0.5,0.026369,0.025963,0.026457
2025-07-07,0.75,0.026176,0.025728,0.02644
2025-07-07,1.0,0.0261,0.025509,0.026419
2025-07-07,2.0,0.026876,0.02477,0.026314
2025-07-08,0.5,0.026386,0.025976,0.026471
2025-07-08,0.75,0.026168,0.025741,0.026454
2025-07-08,1.0,0.026098,0.025521,0.026433
2025-07-08,2.0,0.027009,0.024779,0.026326
2025-07-09,0.5,0.026364,0.02591,0.0264
2025-07-09,0.75,0.026158,0.025679,0.026385
2025-07-09,1.0,0.026036,0.025463,0.026365
2025-07-09,2.0,0.026542,0.024733,0.026265
2025-07-10,0.5,0.026381,0.025933,0.026425
2025-07-10,0.75,0.026178,0.0257,0.026408
2025-07-10,1.0,0.026114,0.025483,0.026389
2025-07-10,2.0,0.026859,0.024749,0.026286
2025-07-11,0.5,0.026484,0.025937,0.026429
2025-07-11,0.75,0.026347,0.025704,0.026412
2025-07-11,1.0,0.026373,0.025486,0.026392
2025-07-11,2.0,0.027393,0.024751,0.026289
2025-07-14,0.5,0.026646,0.026112,0.026618
2025-07-14,0.75,0.026503,0.025869,0.026597
2025-07-14,1.0,0.02656,0.025642,0.026573
2025-07-14,2.0,0.027538,0.024876,0.026455
2025-07-15,0.5,0.027063,0.026266,0.026784
2025-07-15,0.75,0.027037,0.026014,0.02676
2025-07-15,1.0,0.027165,0.025779,0.026732
2025-07-15,2.0,0.028259,0.024986,0.0266
2025-07-16,0.5,0.026966,0.026189,0.026701
2025-07-16,0.75,0.026934,0.025941,0.026679
2025-07-16,1.0,0.027051,0.02571,0.026653
2025-07-16,2.0,0.028024,0.024931,0.026527
2025-07-17,0.5,0.02693,0.026115,0.026622
2025-07-17,0.75,0.026879,0.025872,0.026601
2025-07-17,1.0,0.02701,0.025645,0.026577
2025-07-17,2.0,0.028056,0.024879,0.026458
2025-07-18,0.5,0.02691,0.026035,0.026535
2025-07-18,0.75,0.026879,0.025796,0.026516
2025-07-18,1.0,0.027039,0.025573,0.026494
2025-07-18,2.0,0.028155,0.024821,0.026382
2025-07-21,0.5,0.026995,0.026127,0.026635
2025-07-21,0.75,0.026938,0.025883,0.026613
2025-07-21,1.0,0.027053,0.025655,0.026589
2025-07-21,2.0,0.02789,0.024887,0.026469
2025-07-22,0.5,0.026951,0.026128,0.026635
2025-07-22,0.75,0.026866,0.025884,0.026614
2025-07-22,1.0,0.026963,0.025656,0.02659
2025-07-22,2.0,0.027739,0.024887,0.02647
2025-07-23,0.5,0.02706,0.026173,0.026684
2025-07-23,0.75,0.026996,0.025927,0.026662
2025-07-23,1.0,0.027161,0.025696,0.026637
2025-07-23,2.0,0.028164,0.02492,0.026512
2025-07-24,0.5,0.027132,0.026257,0.026775
2025-07-24,0.75,0.027065,0.026006,0.026751
2025-07-24,1.0,0.027242,0.025771,0.026723
2025-07-24,2.0,0.028194,0.02498,0.026592
2025-07-25,0.5,0.026964,0.026148,0.026657
2025-07-25,0.75,0.026891,0.025903,0.026636
2025-07-25,1.0,0.027061,0.025674,0.026611
2025-07-25,2.0,0.027958,0.024902,0.026489
2025-07-28,0.5,0.027053,0.026247,0.026764
2025-07-28,0.75,0.026951,0.025996,0.02674
2025-07-28,1.0,0.02712,0.025762,0.026713
2025-07-28,2.0,0.027957,0.024972,0.026582
2025-07-29,0.5,0.027113,0.026308,0.02683
2025-07-29,0.75,0.027034,0.026054,0.026805
2025-07-29,1.0,0.027108,0.025816,0.026776
2025-07-29,2.0,0.027618,0.025016,0.02664
2025-07-30,0.5,0.02707,0.026286,0.026806
2025-07-30,0.75,0.027013,0.026033,0.026781
2025-07-30,1.0,0.02715,0.025796,0.026753
2025-07-30,2.0,0.027781,0.025,0.026619
2025-07-31,0.5,0.027042,0.026266,0.026784
2025-07-31,0.75,0.026997,0.026014,0.02676
2025-07-31,1.0,0.027089,0.025778,0.026732
2025-07-31,2.0,0.027551,0.024986,0.0266
2025-08-01,0.5,0.026711,0.02601,0.026508
2025-08-01,0.75,0.026538,0.025773,0.026489
2025-08-01,1.0,0.02652,0.025551,0.026468
2025-08-01,2.0,0.02683,0.024803,0.026358
2025-08-05,0.5,0.026608,0.026045,0.026546
2025-08-05,0.75,0.02652,0.025806,0.026526
2025-08-05,1.0,0.02646,0.025582,0.026504
2025-08-05,2.0,0.026816,0.024828,0.026391
2025-08-06,0.5,0.02662,0.026041,0.026541
2025-08-06,0.75,0.026534,0.025802,0.026522
2025-08-06,1.0,0.026483,0.025578,0.0265
2025-08-06,2.0,0.026845,0.024825,0.026388
2025-08-07,0.5,0.026638,0.026044,0.026545
2025-08-07,0.75,0.026558,0.025805,0.026526
2025-08-07,1.0,0.026501,0.025581,0.026503
2025-08-07,2.0,0.026819,0.024828,0.026391
2025-08-08,0.5,0.026428,0.025864,0.026351
2025-08-08,0.75,0.026336,0.025636,0.026336
2025-08-08,1.0,0.026268,0.025422,0.026318
2025-08-08,2.0,0.026565,0.0247,0.026221
2025-08-11,0.5,0.026523,0.025985,0.026482
2025-08-11,0.75,0.026402,0.02575,0.026464
2025-08-11,1.0,0.026342,0.025529,0.026443
2025-08-11,2.0,0.026705,0.024786,0.026336
2025-08-12,0.5,0.026521,0.025979,0.026475
2025-08-12,0.75,0.026403,0.025744,0.026457
2025-08-12,1.0,0.026392,0.025524,0.026436
2025-08-12,2.0,0.026936,0.024781,0.026329
2025-08-13,0.5,0.026448,0.025971,0.026466
2025-08-13,0.75,0.026297,0.025736,0.026449
2025-08-13,1.0,0.026254,0.025517,0.026428
2025-08-13,2.0,0.026704,0.024776,0.026322
2025-08-14,0.5,0.026527,0.025986,0.026482
2025-08-14,0.75,0.02638,0.02575,0.026464
2025-08-14,1.0,0.026085,0.02553,0.026443
2025-08-14,2.0,0.024323,0.024786,0.026336
2025-08-15,0.5,0.026466,0.025898,0.026387
2025-08-15,0.75,0.02634,0.025667,0.026371
2025-08-15,1.0,0.026372,0.025451,0.026352
2025-08-15,2.0,0.027068,0.024724,0.026253
2025-08-18,0.5,0.026574,0.026007,0.026505
2025-08-18,0.75,0.026476,0.02577,0.026487
2025-08-18,1.0,0.026556,0.025549,0.026465
2025-08-18,2.0,0.027283,0.024801,0.026356
2025-08-19,0.5,0.02647,0.025971,0.026466
2025-08-19,0.75,0.026331,0.025736,0.026449
2025-08-19,1.0,0.026345,0.025517,0.026428
2025-08-19,2.0,0.026912,0.024776,0.026322
2025-08-20,0.5,0.026446,0.025971,0.026466
2025-08-20,0.75,0.026309,0.025736,0.026448
2025-08-20,1.0,0.026211,0.025516,0.026428
2025-08-20,2.0,0.026853,0.024776,0.026322
2025-08-21,0.5,0.026543,0.025985,0.026481
2025-08-21,0.75,0.026416,0.025749,0.026464
2025-08-21,1.0,0.026346,0.025529,0.026443
2025-08-21,2.0,0.027214,0.024786,0.026335
2025-08-22,0.5,0.026358,0.025887,0.026375
2025-08-22,0.75,0.026218,0.025657,0.02636
2025-08-22,1.0,0.026131,0.025442,0.026341
2025-08-22,2.0,0.026775,0.024716,0.026243
2025-08-25,0.5,0.026512,0.026047,0.026548
2025-08-25,0.75,0.026358,0.025808,0.026529
2025-08-25,1.0,0.026296,0.025584,0.026506
2025-08-25,2.0,0.027077,0.02483,0.026393
2025-08-26,0.5,0.026506,0.026024,0.026524
2025-08-26,0.75,0.026326,0.025786,0.026505
2025-08-26,1.0,0.026225,0.025564,0.026483
2025-08-26,2.0,0.026803,0.024814,0.026372
2025-08-27,0.5,0.026551,0.026054,0.026556
2025-08-27,0.75,0.026382,0.025815,0.026537
2025-08-27,1.0,0.026292,0.025591,0.026514
2025-08-27,2.0,0.026839,0.024835,0.026401
2025-08-28,0.5,0.026501,0.026079,0.026583
2025-08-28,0.75,0.026308,0.025838,0.026563
2025-08-28,1.0,0.026204,0.025613,0.02654
2025-08-28,2.0,0.026772,0.024853,0.026424
2025-08-29,0.5,0.026154,0.026041,0.026542
2025-08-29,0.75,0.025963,0.025802,0.026523
2025-08-29,1.0,0.025855,0.025579,0.026501
2025-08-29,2.0,0.026306,0.024826,0.026388
2025-09-02,0.5,0.026226,0.02591,0.0264
2025-09-02,0.75,0.026028,0.025679,0.026384
2025-09-02,1.0,0.025948,0.025463,0.026365
2025-09-02,2.0,0.02651,0.024733,0.026265
2025-09-03,0.5,0.026041,0.025814,0.026297
2025-09-03,0.75,0.02579,0.025588,0.026283
2025-09-03,1.0,0.025658,0.025377,0.026266
2025-09-03,2.0,0.026126,0.024664,0.026174
2025-09-04,0.5,0.026014,0.025794,0.026275
2025-09-04,0.75,0.025762,0.025569,0.026262
2025-09-04,1.0,0.025647,0.025359,0.026246
2025-09-04,2.0,0.026111,0.02465,0.026155
2025-09-05,0.5,0.02534,0.025389,0.025838
2025-09-05,0.75,0.025019,0.025188,0.025834
2025-09-05,1.0,0.024856,0.024999,0.025828
2025-09-05,2.0,0.025384,0.024362,0.025774
2025-09-08,0.5,0.025183,0.025207,0.025641
2025-09-08,0.75,0.024866,0.025016,0.025642
2025-09-08,1.0,0.024684,0.024838,0.02564
2025-09-08,2.0,0.025011,0.024232,0.025602
2025-09-09,0.5,0.025065,0.024892,0.025301
2025-09-09,0.75,0.024821,0.024719,0.025309
2025-09-09,1.0,0.024724,0.024558,0.025315
2025-09-09,2.0,0.025177,0.024008,0.025305
2025-09-10,0.5,0.024836,0.024652,0.025041
2025-09-10,0.75,0.02462,0.024493,0.025056
2025-09-10,1.0,0.024542,0.024344,0.025067
2025-09-10,2.0,0.024962,0.023837,0.025079
2025-09-11,0.5,0.024779,0.0246,0.024985
2025-09-11,0.75,0.024602,0.024444,0.025001
2025-09-11,1.0,0.024553,0.024298,0.025013
2025-09-11,2.0,0.024978,0.0238,0.02503
2025-09-12,0.5,0.024738,0.024502,0.02488
2025-09-12,0.75,0.02457,0.024352,0.024898
2025-09-12,1.0,0.02453,0.024211,0.024913
2025-09-12,2.0,0.024994,0.02373,0.024938
2025-09-15,0.5,0.024676,0.024558,0.02494
2025-09-15,0.75,0.024503,0.024405,0.024957
2025-09-15,1.0,0.024469,0.024261,0.02497
2025-09-15,2.0,0.024939,0.02377,0.02499
2025-09-16,0.5,0.024384,0.024253,0.02461
2025-09-16,0.75,0.024214,0.024117,0.024634
2025-09-16,1.0,0.024182,0.023989,0.024655
2025-09-16,2.0,0.024661,0.023552,0.024702
2025-09-17,0.5,0.024358,0.02406,0.024403
2025-09-17,0.75,0.024226,0.023936,0.024432
2025-09-17,1.0,0.024266,0.023819,0.024457
2025-09-17,2.0,0.024937,0.023416,0.024521
2025-09-18,0.5,0.024239,0.024035,0.024375
2025-09-18,0.75,0.024143,0.023912,0.024405
2025-09-18,1.0,0.02419,0.023796,0.02443
2025-09-18,2.0,0.024803,0.023397,0.024497
2025-09-19,0.5,0.024212,0.023952,0.024286
2025-09-19,0.75,0.024117,0.023834,0.024318
2025-09-19,1.0,0.024141,0.023723,0.024345
2025-09-19,2.0,0.024653,0.023339,0.024419
2025-09-24,0.5,0.024067,0.02397,0.024305
2025-09-24,0.75,0.023946,0.023851,0.024336
2025-09-24,1.0,0.023988,0.023738,0.024363
2025-09-24,2.0,0.024538,0.023351,0.024436
2025-09-25,0.5,0.024148,0.02398,0.024316
2025-09-25,0.75,0.024058,0.02386,0.024347
2025-09-25,1.0,0.024164,0.023747,0.024374
2025-09-25,2.0,0.024864,0.023358,0.024445
2025-09-26,0.5,0.024131,0.023919,0.02425
2025-09-26,0.75,0.024062,0.023803,0.024282
2025-09-26,1.0,0.024212,0.023693,0.024311
2025-09-26,2.0,0.025012,0.023315,0.024388
2025-09-29,0.5,0.024089,0.024023,0.024362
2025-09-29,0.75,0.023991,0.023901,0.024392
2025-09-29,1.0,0.024066,0.023786,0.024418
2025-09-29,2.0,0.024645,0.023389,0.024486
2025-10-01,0.5,0.02395,0.023938,0.02427
2025-10-01,0.75,0.023783,0.023821,0.024303
2025-10-01,1.0,0.023889,0.02371,0.02433
2025-10-01,2.0,0.024582,0.023328,0.024406
2025-10-02,0.5,0.023891,0.023885,0.024213
2025-10-02,0.75,0.023738,0.023771,0.024247
2025-10-02,1.0,0.023854,0.023663,0.024276
2025-10-02,2.0,0.024498,0.023291,0.024356
2025-10-03,0.5,0.023874,0.023867,0.024194
2025-10-03,0.75,0.023703,0.023754,0.024228
2025-10-03,1.0,0.023803,0.023647,0.024258
2025-10-03,2.0,0.024467,0.023278,0.02434
2025-10-06,0.5,0.023874,0.023801,0.024122
2025-10-06,0.75,0.02374,0.023691,0.024158
2025-10-06,1.0,0.0239,0.023588,0.024189
2025-10-06,2.0,0.024635,0.023231,0.024277
2025-10-07,0.5,0.023801,0.023732,0.024048
2025-10-07,0.75,0.023663,0.023627,0.024085
2025-10-07,1.0,0.023813,0.023527,0.024118
2025-10-07,2.0,0.024484,0.023182,0.024212
2025-10-08,0.5,0.023701,0.02359,0.023895
2025-10-08,0.75,0.023625,0.023493,0.023935
2025-10-08,1.0,0.023824,0.023401,0.023971
2025-10-08,2.0,0.024572,0.023081,0.024078
2025-10-09,0.5,0.023716,0.023591,0.023895
2025-10-09,0.75,0.02364,0.023493,0.023936
2025-10-09,1.0,0.023874,0.023401,0.023972
2025-10-09,2.0,0.02471,0.023081,0.024079
2025-10-10,0.5,0.023855,0.023626,0.023933
2025-10-10,0.75,0.023851,0.023526,0.023973
2025-10-10,1.0,0.024014,0.023432,0.024008
2025-10-10,2.0,0.02465,0.023106,0.024112
2025-10-14,0.5,0.023756,0.023756,0.024073
2025-10-14,0.75,0.023717,0.023649,0.02411
2025-10-14,1.0,0.023703,0.023548,0.024142
2025-10-14,2.0,0.024323,0.023199,0.024234
2025-10-15,0.5,0.023683,0.023709,0.024023
2025-10-15,0.75,0.023568,0.023605,0.024061
2025-10-15,1.0,0.023489,0.023506,0.024094
2025-10-15,2.0,0.024131,0.023165,0.02419
2025-10-16,0.5,0.023561,0.023613,0.023919
2025-10-16,0.75,0.023399,0.023514,0.023959
2025-10-16,1.0,0.02327,0.023421,0.023994
2025-10-16,2.0,0.023756,0.023097,0.024099
2025-10-17,0.5,0.023418,0.023481,0.023777
2025-10-17,0.75,0.023398,0.02339,0.02382
2025-10-17,1.0,0.023386,0.023304,0.023859
2025-10-17,2.0,0.023704,0.023003,0.023975
2025-10-20,0.5,0.023187,0.02323,0.023506
2025-10-20,0.75,0.023078,0.023154,0.023555
2025-10-20,1.0,0.023012,0.023081,0.0236
2025-10-20,2.0,0.023521,0.022825,0.023739
2025-10-21,0.5,0.02334,0.0232,0.023473
2025-10-21,0.75,0.023274,0.023125,0.023523
2025-10-21,1.0,0.023263,0.023054,0.023569
2025-10-21,2.0,0.02388,0.022803,0.02371
2025-10-22,0.5,0.022996,0.023015,0.023273
2025-10-22,0.75,0.023053,0.022951,0.023328
2025-10-22,1.0,0.023151,0.022889,0.023378
2025-10-22,2.0,0.023817,0.022671,0.023536
2025-10-23,0.5,0.022869,0.022919,0.023169
2025-10-23,0.75,0.022939,0.02286,0.023226
2025-10-23,1.0,0.023068,0.022804,0.023278
2025-10-23,2.0,0.023911,0.022603,0.023445
2025-10-24,0.5,0.022612,0.022603,0.022829
2025-10-24,0.75,0.022602,0.022563,0.022893
2025-10-24,1.0,0.022701,0.022524,0.022953
2025-10-24,2.0,0.023743,0.022378,0.023148
2025-10-27,0.5,0.022482,0.0225,0.022717
2025-10-27,0.75,0.022518,0.022466,0.022784
2025-10-27,1.0,0.022649,0.022432,0.022846
2025-10-27,2.0,0.023542,0.022304,0.02305
2025-10-28,0.5,0.022416,0.022379,0.022586
2025-10-28,0.75,0.022465,0.022352,0.022656
2025-10-28,1.0,0.022618,0.022324,0.022721
2025-10-28,2.0,0.023522,0.022218,0.022936
2025-10-29,0.5,0.022668,0.022403,0.022613
2025-10-29,0.75,0.022792,0.022375,0.022682
2025-10-29,1.0,0.023048,0.022346,0.022747
2025-10-29,2.0,0.024326,0.022236,0.02296
2025-10-30,0.5,0.022569,0.022304,0.022506
2025-10-30,0.75,0.022685,0.022281,0.022578
2025-10-30,1.0,0.022944,0.022258,0.022644
2025-10-30,2.0,0.02419,0.022165,0.022866
2025-10-31,0.5,0.022476,0.022198,0.022391
2025-10-31,0.75,0.022584,0.022182,0.022466
2025-10-31,1.0,0.022818,0.022164,0.022535
2025-10-31,2.0,0.023962,0.02209,0.022766
2025-11-03,0.5,0.022557,0.022273,0.022472
2025-11-03,0.75,0.022648,0.022252,0.022544
2025-11-03,1.0,0.022899,0.02223,0.022612
2025-11-03,2.0,0.024122,0.022143,0.022836
2025-11-04,0.5,0.02248,0.022184,0.022376
2025-11-04,0.75,0.022644,0.022168,0.022451
2025-11-04,1.0,0.022941,0.022151,0.02252
2025-11-04,2.0,0.024172,0.022079,0.022753
2025-11-05,0.5,0.022327,0.022086,0.02227
2025-11-05,0.75,0.0225,0.022076,0.022347
2025-11-05,1.0,0.022823,0.022064,0.022419
2025-11-05,2.0,0.024112,0.02201,0.02266
2025-11-06,0.5,0.02226,0.022086,0.02227
2025-11-06,0.75,0.0224,0.022076,0.022348
2025-11-06,1.0,0.022678,0.022064,0.02242
2025-11-06,2.0,0.023753,0.02201,0.022661
2025-11-07,0.5,0.022304,0.022099,0.022285
2025-11-07,0.75,0.022528,0.022088,0.022361
2025-11-07,1.0,0.022912,0.022076,0.022433
2025-11-07,2.0,0.024345,0.022019,0.022673
2025-11-10,0.5,0.022393,0.022051,0.022233
2025-11-10,0.75,0.022636,0.022043,0.022311
2025-11-10,1.0,0.023031,0.022033,0.022383
2025-11-10,2.0,0.024421,0.021985,0.022628
2025-11-12,0.5,0.022412,0.022069,0.022251
2025-11-12,0.75,0.022649,0.022059,0.022329
2025-11-12,1.0,0.023033,0.022049,0.022401
2025-11-12,2.0,0.024361,0.021997,0.022644
2025-11-13,0.5,0.022465,0.022088,0.022272
2025-11-13,0.75,0.022733,0.022078,0.02235
2025-11-13,1.0,0.023169,0.022066,0.022421
2025-11-13,2.0,0.024622,0.022011,0.022662
2025-11-14,0.5,0.022511,0.022042,0.022222
2025-11-14,0.75,0.022753,0.022034,0.022301
2025-11-14,1.0,0.023195,0.022025,0.022374
2025-11-14,2.0,0.024763,0.021978,0.022619
2025-11-17,0.5,0.022522,0.022167,0.022358
2025-11-17,0.75,0.022825,0.022152,0.022433
2025-11-17,1.0,0.023299,0.022136,0.022503
2025-11-17,2.0,0.024841,0.022068,0.022737
2025-11-18,0.5,0.022475,0.022134,0.022323
2025-11-18,0.75,0.022823,0.022122,0.022399
2025-11-18,1.0,0.023305,0.022107,0.022469
2025-11-18,2.0,0.024834,0.022044,0.022706
2025-11-19,0.5,0.022388,0.022055,0.022237
2025-11-19,0.75,0.022754,0.022047,0.022315
2025-11-19,1.0,0.023264,0.022037,0.022388
2025-11-19,2.0,0.024843,0.021988,0.022632
2025-11-20,0.5,0.022349,0.022007,0.022185
2025-11-20,0.75,0.022689,0.022002,0.022264
2025-11-20,1.0,0.023149,0.021994,0.022338
2025-11-20,2.0,0.024635,0.021954,0.022586
2025-11-21,0.5,0.022236,0.021898,0.022068
2025-11-21,0.75,0.022533,0.021899,0.022149
2025-11-21,1.0,0.022945,0.021897,0.022226
2025-11-21,2.0,0.024349,0.021876,0.022484
2025-11-24,0.5,0.022263,0.021926,0.022097
2025-11-24,0.75,0.022488,0.021925,0.022178
2025-11-24,1.0,0.022791,0.021922,0.022254
2025-11-24,2.0,0.024248,0.021896,0.02251
2025-11-25,0.5,0.022232,0.0219,0.022069
2025-11-25,0.75,0.022419,0.0219,0.022151
2025-11-25,1.0,0.022677,0.021899,0.022227
2025-11-25,2.0,0.023977,0.021877,0.022485
2025-11-26,0.5,0.02228,0.02188,0.022047
2025-11-26,0.75,0.022485,0.021881,0.02213
2025-11-26,1.0,0.022747,0.021881,0.022206
2025-11-26,2.0,0.023975,0.021863,0.022466
2025-11-27,0.5,0.022296,0.021875,0.022042
2025-11-27,0.75,0.022502,0.021877,0.022124
2025-11-27,1.0,0.022763,0.021876,0.022201
2025-11-27,2.0,0.023954,0.021859,0.022461
2025-11-28,0.5,0.02238,0.021829,0.021993
2025-11-28,0.75,0.02258,0.021834,0.022076
2025-11-28,1.0,0.022855,0.021836,0.022154
2025-11-28,2.0,0.024113,0.021827,0.022419
2025-12-01,0.5,0.02242,0.021924,0.022095
2025-12-01,0.75,0.022678,0.021923,0.022176
2025-12-01,1.0,0.023072,0.02192,0.022252
2025-12-01,2.0,0.024762,0.021894,0.022508
2025-12-02,0.5,0.022303,0.021814,0.021977
2025-12-02,0.75,0.022625,0.02182,0.022061
2025-12-02,1.0,0.023035,0.021823,0.022139
2025-12-02,2.0,0.024634,0.021816,0.022404
2025-12-03,0.5,0.022157,0.021774,0.021934
2025-12-03,0.75,0.02249,0.021782,0.022019
2025-12-03,1.0,0.022883,0.021787,0.022098
2025-12-03,2.0,0.024342,0.021788,0.022367
2025-12-04,0.5,0.022169,0.021769,0.021928
2025-12-04,0.75,0.022506,0.021777,0.022013
2025-12-04,1.0,0.02295,0.021782,0.022092
2025-12-04,2.0,0.024634,0.021784,0.022362
2025-12-05,0.5,0.022601,0.021889,0.022057
2025-12-05,0.75,0.023183,0.02189,0.022139
2025-12-05,1.0,0.023938,0.021889,0.022216
2025-12-05,2.0,0.026406,0.02187,0.022475
2025-12-08,0.5,0.022699,0.022026,0.022205
2025-12-08,0.75,0.023289,0.022019,0.022284
2025-12-08,1.0,0.024025,0.022011,0.022357
2025-12-08,2.0,0.0264,0.021967,0.022604
2025-12-09,0.5,0.022706,0.022078,0.022262
2025-12-09,0.75,0.023331,0.022069,0.022339
2025-12-09,1.0,0.024169,0.022057,0.022411
2025-12-09,2.0,0.026876,0.022004,0.022653
2025-12-10,0.5,0.02263,0.022076,0.02226
2025-12-10,0.75,0.023183,0.022067,0.022337
2025-12-10,1.0,0.023906,0.022055,0.022409
2025-12-10,2.0,0.026339,0.022003,0.022651
2025-12-11,0.5,0.022591,0.022076,0.022259
2025-12-11,0.75,0.023109,0.022066,0.022337
2025-12-11,1.0,0.02383,0.022055,0.022409
2025-12-11,2.0,0.026281,0.022002,0.022651
2025-12-12,0.5,0.022532,0.021998,0.022176
2025-12-12,0.75,0.023071,0.021993,0.022255
2025-12-12,1.0,0.023803,0.021986,0.022329
2025-12-12,2.0,0.026231,0.021947,0.022578
2025-12-15,0.5,0.022434,0.022073,0.022256
2025-12-15,0.75,0.022995,0.022063,0.022333
2025-12-15,1.0,0.023698,0.022052,0.022406
2025-12-15,2.0,0.025935,0.022,0.022648
2025-12-16,0.5,0.022359,0.021981,0.022157
2025-12-16,0.75,0.022982,0.021977,0.022237
2025-12-16,1.0,0.023691,0.021971,0.022311
2025-12-16,2.0,0.025844,0.021935,0.022562
2025-12-17,0.5,0.022297,0.021909,0.022079
2025-12-17,0.75,0.022955,0.021909,0.02216
2025-12-17,1.0,0.023733,0.021907,0.022236
2025-12-17,2.0,0.026045,0.021884,0.022494
2025-12-18,0.5,0.022261,0.021899,0.022069
2025-12-18,0.75,0.022918,0.0219,0.022151
2025-12-18,1.0,0.023684,0.021898,0.022227
2025-12-18,2.0,0.025939,0.021877,0.022485
2025-12-19,0.5,0.022244,0.02182,0.021983
2025-12-19,0.75,0.022931,0.021826,0.022067
2025-12-19,1.0,0.023766,0.021828,0.022145
2025-12-19,2.0,0.026182,0.021821,0.02241
2025-12-22,0.5,0.02229,0.021886,0.022055
2025-12-22,0.75,0.02298,0.021888,0.022137
2025-12-22,1.0,0.023782,0.021887,0.022213
2025-12-22,2.0,0.02608,0.021868,0.022473
2025-12-23,0.5,0.022285,0.021877,0.022045
2025-12-23,0.75,0.022967,0.021879,0.022127
2025-12-23,1.0,0.023704,0.021879,0.022204
2025-12-23,2.0,0.025815,0.021861,0.022464
2025-12-24,0.5,0.02224,0.021731,0.021887
2025-12-24,0.75,0.022925,0.021741,0.021973
2025-12-24,1.0,0.023673,0.021749,0.022053
2025-12-24,2.0,0.02578,0.021757,0.022326
2025-12-29,0.5,0.02231,0.021881,0.022049
2025-12-29,0.75,0.022961,0.021883,0.022131
2025-12-29,1.0,0.023653,0.021882,0.022208
2025-12-29,2.0,0.025683,0.021864,0.022468
2025-12-30,0.5,0.022361,0.021875,0.022042
2025-12-30,0.75,0.023016,0.021877,0.022125
2025-12-30,1.0,0.023741,0.021877,0.022202
2025-12-30,2.0,0.02592,0.02186,0.022462
2025-12-31,0.5,0.022388,0.021916,0.022086
2025-12-31,0.75,0.023038,0.021915,0.022168
2025-12-31,1.0,0.023753,0.021913,0.022244
2025-12-31,2.0,0.025922,0.021889,0.0225
2026-01-02,0.5,0.022441,0.021866,0.022033
2026-01-02,0.75,0.023086,0.021869,0.022115
2026-01-02,1.0,0.023859,0.021869,0.022192
2026-01-02,2.0,0.026223,0.021853,0.022453
2026-01-05,0.5,0.022482,0.021947,0.022121
2026-01-05,0.75,0.023113,0.021945,0.022201
2026-01-05,1.0,0.023789,0.021941,0.022276
2026-01-05,2.0,0.025758,0.021911,0.02253
2026-01-06,0.5,0.022523,0.021956,0.02213
2026-01-06,0.75,0.023168,0.021953,0.02221
2026-01-06,1.0,0.023879,0.021948,0.022285
2026-01-06,2.0,0.02596,0.021917,0.022538
2026-01-07,0.5,0.022516,0.021959,0.022133
2026-01-07,0.75,0.023135,0.021956,0.022213
2026-01-07,1.0,0.023784,0.021951,0.022288
2026-01-07,2.0,0.025696,0.021919,0.022541
2026-01-08,0.5,0.022506,0.021939,0.022111
2026-01-08,0.75,0.023136,0.021937,0.022192
2026-01-08,1.0,0.023804,0.021933,0.022268
2026-01-08,2.0,0.025805,0.021905,0.022522
2026-01-09,0.5,0.022437,0.021862,0.022028
2026-01-09,0.75,0.023066,0.021865,0.022111
2026-01-09,1.0,0.023715,0.021865,0.022188
2026-01-09,2.0,0.025659,0.02185,0.022449
2026-01-12,0.5,0.022528,0.021939,0.022112
2026-01-12,0.75,0.023158,0.021938,0.022193
2026-01-12,1.0,0.023815,0.021934,0.022268
2026-01-12,2.0,0.025787,0.021905,0.022522
2026-01-13,0.5,0.022487,0.021919,0.02209
2026-01-13,0.75,0.023124,0.021918,0.022171
2026-01-13,1.0,0.023767,0.021916,0.022247
2026-01-13,2.0,0.025704,0.021891,0.022503
2026-01-14,0.5,0.022514,0.021933,0.022105
2026-01-14,0.75,0.023077,0.021932,0.022186
2026-01-14,1.0,0.023645,0.021928,0.022262
2026-01-14,2.0,0.025457,0.021901,0.022517
2026-01-15,0.5,0.022508,0.021934,0.022106
2026-01-15,0.75,0.023084,0.021932,0.022187
2026-01-15,1.0,0.023657,0.021929,0.022262
2026-01-15,2.0,0.025426,0.021901,0.022517
2026-01-16,0.5,0.022471,0.021811,0.021973
2026-01-16,0.75,0.023034,0.021817,0.022057
2026-01-16,1.0,0.023627,0.02182,0.022135
2026-01-16,2.0,0.025629,0.021814,0.022401
2026-01-19,0.5,0.022494,0.021918,0.022089
2026-01-19,0.75,0.023024,0.021918,0.02217
2026-01-19,1.0,0.02359,0.021915,0.022246
2026-01-19,2.0,0.02556,0.02189,0.022503
2026-01-20,0.5,0.022493,0.021864,0.022031
2026-01-20,0.75,0.022981,0.021867,0.022114
2026-01-20,1.0,0.023543,0.021867,0.022191
2026-01-20,2.0,0.025704,0.021852,0.022452
2026-01-21,0.5,0.022491,0.021882,0.02205
2026-01-21,0.75,0.023031,0.021884,0.022132
2026-01-21,1.0,0.023604,0.021883,0.022209
2026-01-21,2.0,0.02558,0.021864,0.022468
2026-01-22,0.5,0.022495,0.021916,0.022087
2026-01-22,0.75,0.022998,0.021916,0.022168
2026-01-22,1.0,0.023578,0.021913,0.022244
2026-01-22,2.0,0.02574,0.021889,0.0225
2026-01-23,0.5,0.022443,0.021835,0.022
2026-01-23,0.75,0.022953,0.02184,0.022083
2026-01-23,1.0,0.023551,0.021841,0.022161
2026-01-23,2.0,0.025787,0.021831,0.022424
2026-01-26,0.5,0.022439,0.021928,0.022099
2026-01-26,0.75,0.022888,0.021927,0.02218
2026-01-26,1.0,0.023404,0.021923,0.022256
2026-01-26,2.0,0.025435,0.021897,0.022511
2026-01-27,0.5,0.02241,0.021923,0.022095
2026-01-27,0.75,0.02286,0.021923,0.022176
2026-01-27,1.0,0.023414,0.02192,0.022251
2026-01-27,2.0,0.025611,0.021894,0.022507
2026-01-28,0.5,0.022382,0.021964,0.022139
2026-01-28,0.75,0.022828,0.021961,0.022219
2026-01-28,1.0,0.02328,0.021956,0.022294
2026-01-28,2.0,0.025647,0.021923,0.022546
2026-01-29,0.5,0.022419,0.022004,0.022182
2026-01-29,0.75,0.022842,0.021999,0.022261
2026-01-29,1.0,0.023275,0.021991,0.022335
2026-01-29,2.0,0.025512,0.021952,0.022583
2026-01-30,0.5,0.022426,0.021917,0.022087
2026-01-30,0.75,0.022832,0.021916,0.022169
2026-01-30,1.0,0.023251,0.021914,0.022245
2026-01-30,2.0,0.025432,0.021889,0.022501
2026-02-02,0.5,0.022397,0.021939,0.022112
2026-02-02,0.75,0.022827,0.021938,0.022192
2026-02-02,1.0,0.023285,0.021934,0.022268
2026-02-02,2.0,0.025533,0.021905,0.022522
2026-02-03,0.5,0.022403,0.021924,0.022095
2026-02-03,0.75,0.02283,0.021923,0.022176
2026-02-03,1.0,0.023296,0.02192,0.022252
2026-02-03,2.0,0.025611,0.021894,0.022508
2026-02-04,0.5,0.022425,0.021922,0.022093
2026-02-04,0.75,0.022839,0.021921,0.022174
2026-02-04,1.0,0.023296,0.021918,0.02225
2026-02-04,2.0,0.025608,0.021893,0.022506
2026-02-05,0.5,0.022377,0.021926,0.022098
2026-02-05,0.75,0.022784,0.021925,0.022179
2026-02-05,1.0,0.023228,0.021922,0.022255
2026-02-05,2.0,0.025376,0.021896,0.02251
2026-02-06,0.5,0.02231,0.021873,0.022041
2026-02-06,0.75,0.022726,0.021876,0.022123
2026-02-06,1.0,0.023187,0.021875,0.0222
2026-02-06,2.0,0.025388,0.021858,0.02246
2026-02-09,0.5,0.022369,0.021913,0.022083
2026-02-09,0.75,0.022786,0.021913,0.022165
2026-02-09,1.0,0.023243,0.02191,0.022241
2026-02-09,2.0,0.025291,0.021887,0.022498
2026-02-10,0.5,0.022336,0.021895,0.022064
2026-02-10,0.75,0.022726,0.021896,0.022145
2026-02-10,1.0,0.023166,0.021894,0.022222
2026-02-10,2.0,0.025232,0.021874,0.02248
2026-02-11,0.5,0.022312,0.021903,0.022072
2026-02-11,0.75,0.022688,0.021903,0.022154
2026-02-11,1.0,0.023116,0.021901,0.02223
2026-02-11,2.0,0.025152,0.021879,0.022488
2026-02-12,0.5,0.02228,0.021848,0.022014
2026-02-12,0.75,0.022587,0.021852,0.022097
2026-02-12,1.0,0.022945,0.021853,0.022174
2026-02-12,2.0,0.024812,0.021841,0.022437
2026-02-13,0.5,0.022198,0.021745,0.021902
2026-02-13,0.75,0.022493,0.021754,0.021987
2026-02-13,1.0,0.022848,0.021761,0.022067
2026-02-13,2.0,0.024664,0.021767,0.022339
2026-02-17,0.5,0.022241,0.02181,0.021972
2026-02-17,0.75,0.022444,0.021816,0.022056
2026-02-17,1.0,0.022729,0.021819,0.022135
2026-02-17,2.0,0.024461,0.021813,0.022401
2026-02-18,0.5,0.022203,0.021806,0.021967
2026-02-18,0.75,0.02243,0.021812,0.022051
2026-02-18,1.0,0.022723,0.021815,0.02213
2026-02-18,2.0,0.024388,0.02181,0.022396
2026-02-20,0.5,0.022176,0.021743,0.0219
2026-02-20,0.75,0.022428,0.021753,0.021985
2026-02-20,1.0,0.022755,0.021759,0.022065
2026-02-20,2.0,0.024378,0.021766,0.022337
2026-02-23,0.5,0.022262,0.021827,0.021991
2026-02-23,0.75,0.02252,0.021832,0.022074
2026-02-23,1.0,0.02284,0.021834,0.022152
2026-02-23,2.0,0.024301,0.021826,0.022417
2026-02-24,0.5,0.02223,0.021829,0.021992
2026-02-24,0.75,0.02251,0.021833,0.022076
2026-02-24,1.0,0.022862,0.021835,0.022154
2026-02-24,2.0,0.024355,0.021827,0.022418
2026-02-25,0.5,0.022289,0.021891,0.02206
2026-02-25,0.75,0.022556,0.021893,0.022142
2026-02-25,1.0,0.022827,0.021891,0.022219
2026-02-25,2.0,0.024547,0.021871,0.022477
2026-02-26,0.5,0.022311,0.021886,0.022054
2026-02-26,0.75,0.022549,0.021887,0.022136
2026-02-26,1.0,0.022794,0.021886,0.022213
2026-02-26,2.0,0.024269,0.021867,0.022472
2026-02-27,0.5,0.022269,0.021879,0.022047
2026-02-27,0.75,0.022446,0.021881,0.022129
2026-02-27,1.0,0.022633,0.02188,0.022206
2026-02-27,2.0,0.023921,0.021862,0.022466
2026-03-02,0.5,0.022439,0.021921,0.022092
2026-03-02,0.75,0.022736,0.021921,0.022174
2026-03-02,1.0,0.023064,0.021918,0.022249
2026-03-02,2.0,0.024822,0.021893,0.022505
2026-03-03,0.5,0.022595,0.022031,0.022211
2026-03-03,0.75,0.023029,0.022024,0.02229
2026-03-03,1.0,0.023474,0.022016,0.022363
2026-03-03,2.0,0.02506,0.021971,0.022609
2026-03-04,0.5,0.022606,0.021991,0.022168
2026-03-04,0.75,0.02299,0.021987,0.022248
2026-03-04,1.0,0.023401,0.02198,0.022322
2026-03-04,2.0,0.025146,0.021943,0.022571
2026-03-05,0.5,0.022696,0.022017,0.022196
2026-03-05,0.75,0.023199,0.022011,0.022275
2026-03-05,1.0,0.023737,0.022003,0.022349
2026-03-05,2.0,0.025789,0.021961,0.022596
2026-03-06,0.5,0.022785,0.022037,0.022218
2026-03-06,0.75,0.023281,0.02203,0.022296
2026-03-06,1.0,0.023847,0.022021,0.022369
2026-03-06,2.0,0.026291,0.021975,0.022615
2026-03-09,0.5,0.023059,0.022183,0.022375
2026-03-09,0.75,0.023671,0.022168,0.02245
2026-03-09,1.0,0.024298,0.022151,0.02252
2026-03-09,2.0,0.026219,0.022079,0.022752
2026-03-10,0.5,0.022758,0.022133,0.022321
2026-03-10,0.75,0.023358,0.022121,0.022398
2026-03-10,1.0,0.024031,0.022106,0.022468
2026-03-10,2.0,0.026432,0.022044,0.022705
2026-03-11,0.5,0.02287,0.022214,0.022408
2026-03-11,0.75,0.023531,0.022196,0.022482
2026-03-11,1.0,0.024316,0.022178,0.022551
2026-03-11,2.0,0.027187,0.022101,0.022781
2026-03-12,0.5,0.023051,0.022247,0.022444
2026-03-12,0.75,0.02376,0.022227,0.022517
2026-03-12,1.0,0.02468,0.022207,0.022585
2026-03-12,2.0,0.028093,0.022124,0.022812
2026-03-13,0.5,0.022879,0.022237,0.022433
2026-03-13,0.75,0.02366,0.022218,0.022507
2026-03-13,1.0,0.024618,0.022198,0.022575
2026-03-13,2.0,0.02789,0.022117,0.022803
2026-03-16,0.5,0.02279,0.022288,0.022488
2026-03-16,0.75,0.02354,0.022266,0.02256
2026-03-16,1.0,0.024404,0.022243,0.022628
2026-03-16,2.0,0.027028,0.022153,0.022851
2026-03-17,0.5,0.022732,0.022257,0.022455
2026-03-17,0.75,0.023468,0.022237,0.022528
2026-03-17,1.0,0.024285,0.022216,0.022596
2026-03-17,2.0,0.026647,0.022132,0.022822
2026-03-18,0.5,0.022836,0.022239,0.022435
2026-03-18,0.75,0.023613,0.02222,0.022509
2026-03-18,1.0,0.024559,0.0222,0.022577
2026-03-18,2.0,0.027421,0.022119,0.022804
2026-03-19,0.5,0.023227,0.022366,0.022573
2026-03-19,0.75,0.024272,0.02234,0.022643
2026-03-19,1.0,0.025423,0.022313,0.022708
2026-03-19,2.0,0.02828,0.022209,0.022925
2026-03-20,0.5,0.023878,0.022569,0.022792
2026-03-20,0.75,0.025072,0.022531,0.022857
2026-03-20,1.0,0.02658,0.022493,0.022918
2026-03-20,2.0,0.030505,0.022354,0.023116
2026-03-23,0.5,0.023966,0.022632,0.02286
2026-03-23,0.75,0.025072,0.02259,0.022924
2026-03-23,1.0,0.026333,0.022549,0.022983
2026-03-23,2.0,0.029423,0.022399,0.023175
2026-03-24,0.5,0.02415,0.022815,0.023058
2026-03-24,0.75,0.025544,0.022763,0.023117
2026-03-24,1.0,0.026938,0.022712,0.023172
2026-03-24,2.0,0.029875,0.022529,0.023348
2026-03-25,0.5,0.023967,0.022883,0.023131
2026-03-25,0.75,0.025206,0.022827,0.023189
2026-03-25,1.0,0.026443,0.022773,0.023242
2026-03-25,2.0,0.028883,0.022578,0.023412
2026-03-26,0.5,0.024167,0.022948,0.023201
2026-03-26,0.75,0.025501,0.022888,0.023257
2026-03-26,1.0,0.026837,0.02283,0.023308
2026-03-26,2.0,0.029778,0.022623,0.023473
2026-03-27,0.5,0.024092,0.022931,0.023183
2026-03-27,0.75,0.025446,0.022872,0.02324
2026-03-27,1.0,0.026798,0.022815,0.023292
2026-03-27,2.0,0.02958,0.022612,0.023457
2026-03-30,0.5,0.023868,0.023,0.023257
2026-03-30,0.75,0.025054,0.022937,0.023312
2026-03-30,1.0,0.026241,0.022876,0.023362
2026-03-30,2.0,0.028882,0.02266,0.023522
2026-03-31,0.5,0.023781,0.023007,0.023265
2026-03-31,0.75,0.024826,0.022944,0.02332
2026-03-31,1.0,0.025867,0.022883,0.02337
2026-03-31,2.0,0.028228,0.022666,0.023529
2026-04-01,0.5,0.023602,0.022854,0.0231
2026-04-01,0.75,0.024595,0.0228,0.023158
2026-04-01,1.0,0.025607,0.022747,0.023212
2026-04-01,2.0,0.028295,0.022557,0.023385
2026-04-02,0.5,0.023566,0.022772,0.023012
2026-04-02,0.75,0.024614,0.022723,0.023072
2026-04-02,1.0,0.025673,0.022674,0.023128
2026-04-02,2.0,0.028254,0.022499,0.023308
2026-04-06,0.5,0.023733,0.022886,0.023134
2026-04-06,0.75,0.024751,0.02283,0.023192
2026-04-06,1.0,0.025784,0.022775,0.023245
2026-04-06,2.0,0.028316,0.02258,0.023415
2026-04-07,0.5,0.023959,0.022884,0.023132
2026-04-07,0.75,0.025072,0.022828,0.02319
2026-04-07,1.0,0.026179,0.022773,0.023243
2026-04-07,2.0,0.028681,0.022578,0.023413
2026-04-09,0.5,0.023577,0.022558,0.02278
2026-04-09,0.75,0.024444,0.022521,0.022846
2026-04-09,1.0,0.025377,0.022484,0.022907
2026-04-09,2.0,0.028021,0.022346,0.023106
2026-04-10,0.5,0.023421,0.022455,0.022669
2026-04-10,0.75,0.024332,0.022424,0.022737
2026-04-10,1.0,0.025299,0.022392,0.0228
2026-04-10,2.0,0.027917,0.022273,0.023009
2026-04-13,0.5,0.023559,0.022517,0.022736
2026-04-13,0.75,0.024521,0.022482,0.022803
2026-04-13,1.0,0.02551,0.022447,0.022864
2026-04-13,2.0,0.027981,0.022317,0.023067
2026-04-14,0.5,0.023476,0.022521,0.02274
2026-04-14,0.75,0.024357,0.022486,0.022807
2026-04-14,1.0,0.025279,0.022451,0.022869
2026-04-14,2.0,0.027678,0.02232,0.023071
2026-04-15,0.5,0.023567,0.022568,0.02279
2026-04-15,0.75,0.024427,0.02253,0.022856
2026-04-15,1.0,0.025363,0.022492,0.022916
2026-04-15,2.0,0.027955,0.022353,0.023114
2026-04-16,0.5,0.023627,0.02258,0.022803
2026-04-16,0.75,0.024509,0.022541,0.022868
2026-04-16,1.0,0.025467,0.022503,0.022929
2026-04-16,2.0,0.028078,0.022361,0.023126
2026-04-17,0.5,0.023458,0.022448,0.022662
2026-04-17,0.75,0.024206,0.022417,0.02273
2026-04-17,1.0,0.025032,0.022386,0.022793
2026-04-17,2.0,0.027429,0.022268,0.023002
2026-04-20,0.5,0.023466,0.022574,0.022797
2026-04-20,0.75,0.024154,0.022536,0.022862
2026-04-20,1.0,0.024954,0.022498,0.022923
2026-04-20,2.0,0.02737,0.022357,0.02312
2026-04-21,0.5,0.023569,0.022617,0.022843
2026-04-21,0.75,0.024393,0.022576,0.022908
2026-04-21,1.0,0.025374,0.022536,0.022967
2026-04-21,2.0,0.028124,0.022388,0.023161
2026-04-22,0.5,0.023573,0.022651,0.022881
2026-04-22,0.75,0.024412,0.022608,0.022944
2026-04-22,1.0,0.025256,0.022566,0.023003
2026-04-22,2.0,0.028014,0.022412,0.023193
2026-04-23,0.5,0.023617,0.022642,0.022871
2026-04-23,0.75,0.02447,0.0226,0.022934
2026-04-23,1.0,0.025335,0.022558,0.022993
2026-04-23,2.0,0.028174,0.022406,0.023185
2026-04-24,0.5,0.02357,0.022613,0.02284
2026-04-24,0.75,0.024451,0.022573,0.022904
2026-04-24,1.0,0.025343,0.022533,0.022963
2026-04-24,2.0,0.0279,0.022385,0.023158
2026-04-27,0.5,0.023708,0.022753,0.022991
2026-04-27,0.75,0.024561,0.022705,0.023052
2026-04-27,1.0,0.025441,0.022657,0.023108
2026-04-27,2.0,0.028079,0.022485,0.023289
2026-04-28,0.5,0.023806,0.022774,0.023013
2026-04-28,0.75,0.024691,0.022724,0.023073
2026-04-28,1.0,0.02562,0.022675,0.023129
2026-04-28,2.0,0.028496,0.022499,0.023309
2026-04-29,0.5,0.024443,0.022798,0.023039
2026-04-29,0.75,0.025678,0.022747,0.023099
2026-04-29,1.0,0.026945,0.022697,0.023154
2026-04-29,2.0,0.029992,0.022517,0.023332
